-- MySQL dump 10.13  Distrib 5.7.12, for Win64 (x86_64)
--
-- Host: localhost    Database: scouting_test_2
-- ------------------------------------------------------
-- Server version	5.7.16-log

/*!40101 SET @OLD_CHARACTER_SET_CLIENT=@@CHARACTER_SET_CLIENT */;
/*!40101 SET @OLD_CHARACTER_SET_RESULTS=@@CHARACTER_SET_RESULTS */;
/*!40101 SET @OLD_COLLATION_CONNECTION=@@COLLATION_CONNECTION */;
/*!40101 SET NAMES utf8 */;
/*!40103 SET @OLD_TIME_ZONE=@@TIME_ZONE */;
/*!40103 SET TIME_ZONE='+00:00' */;
/*!40014 SET @OLD_UNIQUE_CHECKS=@@UNIQUE_CHECKS, UNIQUE_CHECKS=0 */;
/*!40014 SET @OLD_FOREIGN_KEY_CHECKS=@@FOREIGN_KEY_CHECKS, FOREIGN_KEY_CHECKS=0 */;
/*!40101 SET @OLD_SQL_MODE=@@SQL_MODE, SQL_MODE='NO_AUTO_VALUE_ON_ZERO' */;
/*!40111 SET @OLD_SQL_NOTES=@@SQL_NOTES, SQL_NOTES=0 */;

--
-- Table structure for table `action_type`
--

DROP TABLE IF EXISTS `action_type`;
/*!40101 SET @saved_cs_client     = @@character_set_client */;
/*!40101 SET character_set_client = utf8 */;
CREATE TABLE `action_type` (
  `_id` int(11) NOT NULL AUTO_INCREMENT,
  `name` varchar(255) NOT NULL DEFAULT 'No Name',
  `description` varchar(2000) DEFAULT 'No description',
  `match_phase` varchar(45) DEFAULT NULL,
  `points` float DEFAULT '0',
  `opponent_points` int(11) DEFAULT '0',
  `qual_points` int(11) DEFAULT '0',
  `foul_points` int(11) DEFAULT '0',
  `coop_flag` char(1) DEFAULT 'N',
  `category` varchar(255) DEFAULT 'Uncategorized',
  PRIMARY KEY (`_id`)
) ENGINE=InnoDB AUTO_INCREMENT=17 DEFAULT CHARSET=utf8;
/*!40101 SET character_set_client = @saved_cs_client */;

--
-- Dumping data for table `action_type`
--

LOCK TABLES `action_type` WRITE;
/*!40000 ALTER TABLE `action_type` DISABLE KEYS */;
INSERT INTO `action_type` VALUES (1,'auto_baseline_crossed','Auto Baseline Cross','Auto',5,0,0,0,'N','Crossing'),(2,'auto_low_dump','Auto Low Boiler Score','Auto',0.333,0,0,0,'N','Fuel Scoring'),(3,'auto_high_scores','Auto High Boiler Score','Auto',1,0,0,0,'N','Fuel Scoring'),(4,'auto_high_missed','Auto High Boiler Misses','Auto',0,0,0,0,'N','Fuel Scoring'),(5,'auto_gear_delivered','Auto Gear Delivered','Auto',0,0,0,0,'N','Gears'),(6,'auto_fuel_bin_triggered','Auto Fuel Bin Triggered','Auto',0,0,0,0,'N','Fuel Bin'),(7,'auto_loading_station_trip','Auto Loading Station Trip','Auto',0,0,0,0,'N','Loading'),(8,'tele_low_dumps','Teleop Low Dumps','Teleop',0.111,0,0,0,'N','Fuel Scoring'),(9,'tele_high_scores','Teleop High Scores','Teleop',0.333,0,0,0,'N','Fuel Scoring'),(10,'tele_high_missed','Teleop High Missed','Teleop',0,0,0,0,'N','Fuel Scoring'),(11,'tele_gear_delivered','Teleop Gears Delivered','Teleop',0,0,0,0,'N','Gear'),(12,'tele_fuel_bin_triggered','Teleop Fuel Bin Delivered','Teleop',0,0,0,0,'N','Fuel Scoring'),(13,'tele_loading_station_trip','Teleop Loading Station Trip','Teleop',0,0,0,0,'N','Loading'),(14,'tele_try_climb','Teleop Try Climb','Teleop',0,0,0,0,'N','Climbing'),(15,'tele_did_climb','Teleop Did Climb','Teleop',50,0,0,0,'N','Climbing'),(16,'tele_played_defensively','Teleop Played Defensively','Teleop',0,0,0,0,'N','Defense');
/*!40000 ALTER TABLE `action_type` ENABLE KEYS */;
UNLOCK TABLES;

--
-- Table structure for table `event`
--

DROP TABLE IF EXISTS `event`;
/*!40101 SET @saved_cs_client     = @@character_set_client */;
/*!40101 SET character_set_client = utf8 */;
CREATE TABLE `event` (
  `_id` int(11) NOT NULL AUTO_INCREMENT,
  `tba_event_key` varchar(45) DEFAULT NULL,
  `name` varchar(255) DEFAULT NULL,
  `short_name` varchar(255) DEFAULT NULL,
  `event_type` varchar(255) DEFAULT NULL,
  `event_district` varchar(255) DEFAULT NULL,
  `year` int(11) DEFAULT NULL,
  `week` int(11) DEFAULT NULL,
  `location` varchar(255) DEFAULT NULL,
  `tba_event_code` varchar(45) DEFAULT NULL,
  PRIMARY KEY (`_id`),
  KEY `idx_tba_event_key` (`tba_event_key`)
) ENGINE=InnoDB AUTO_INCREMENT=2 DEFAULT CHARSET=utf8;
/*!40101 SET character_set_client = @saved_cs_client */;

--
-- Dumping data for table `event`
--

LOCK TABLES `event` WRITE;
/*!40000 ALTER TABLE `event` DISABLE KEYS */;
/*!40000 ALTER TABLE `event` ENABLE KEYS */;
UNLOCK TABLES;

--
-- Table structure for table `factors`
--

DROP TABLE IF EXISTS `factors`;
/*!40101 SET @saved_cs_client     = @@character_set_client */;
/*!40101 SET character_set_client = utf8 */;
CREATE TABLE `factors` (
  `_id` int(11) NOT NULL AUTO_INCREMENT,
  `team_id` int(11) DEFAULT NULL,
  `min_balls_collected` int(11) DEFAULT NULL,
  `max_balls_collected` int(11) DEFAULT NULL,
  `high_goal_accuracy` float DEFAULT NULL,
  `high_goal_ball_pct` float DEFAULT NULL,
  `low_goal_accuracy` float DEFAULT NULL,
  `min_gears_collected` int(11) DEFAULT NULL,
  `max_gears_collected` int(11) DEFAULT NULL,
  `gear_placed_accuracy` float DEFAULT NULL,
  `hang_attempt_pct` float DEFAULT NULL,
  `hang_pct` float DEFAULT NULL,
  `auto_movement_pct` float DEFAULT NULL,
  PRIMARY KEY (`_id`)
) ENGINE=InnoDB AUTO_INCREMENT=37 DEFAULT CHARSET=utf8;
/*!40101 SET character_set_client = @saved_cs_client */;

--
-- Dumping data for table `factors`
--

LOCK TABLES `factors` WRITE;
/*!40000 ALTER TABLE `factors` DISABLE KEYS */;
INSERT INTO `factors` VALUES (1,1,23,76,0,0,0.71,2,5,0.82,NULL,0,0.54),(2,2,66,132,0.57,0.4,0.87,3,6,0.82,NULL,0,0.7),(3,3,121,202,0.81,0.75,0.92,2,5,0.75,NULL,0,0.97),(4,4,32,75,0,0,0.53,0,0,0,NULL,0,0.64),(5,5,175,231,0,0,0.75,0,2,0.65,NULL,0.87,0.85),(6,6,0,0,0,0,0,2,4,0.75,NULL,0,0),(7,7,151,309,0,0,0.96,1,2,0.84,NULL,0.65,0.87),(8,8,23,98,0,0,0.63,3,5,0.65,NULL,0,0),(9,9,188,298,0.67,0.2,0.75,1,4,0.75,NULL,0.6,0.9),(10,10,221,356,0.76,0.5,0.89,4,6,0.73,NULL,0.65,0.87),(11,11,151,223,0,0,0.9,5,8,0.89,NULL,0.74,0.86),(12,12,87,150,0.46,0.2,0.75,1,4,0.64,NULL,0.63,0.76),(13,13,90,177,0.71,0.75,0.83,3,6,0.85,NULL,0,0),(14,14,36,98,0,0,0.65,2,4,0.83,NULL,0.72,0.55),(15,15,73,173,0.51,0.25,0.69,1,3,0.52,NULL,0.87,0.96),(16,16,177,304,0.8,1,0,0,0,0.75,NULL,0.86,0.86),(17,17,238,450,0.76,1,0,4,9,0.92,NULL,0.97,0.99),(18,18,91,177,0,0,0.72,2,4,0.45,NULL,0,0.95),(19,19,34,112,0.75,0.5,0.84,2,5,0.66,NULL,0,0.67),(20,20,166,309,0.47,0.25,0.64,3,6,0.75,NULL,0.54,0.89),(21,21,197,321,0.82,0.6,0.91,4,8,0.84,NULL,0.9,0.99),(22,22,283,506,0.93,1,0,3,6,0.93,NULL,0.87,0.98),(23,23,42,142,0.53,0.1,0.84,0,1,0.76,NULL,0.54,0),(24,24,145,208,0.32,0.3,0.64,2,4,0.64,NULL,0.37,0.83),(25,25,87,167,0.75,0.2,0.83,3,6,0.85,NULL,0,0.77),(26,26,173,304,0,0,0.95,0,0,0,NULL,0,0.75),(27,27,30,97,0.35,0.4,0.77,2,4,0.73,NULL,0,0),(28,28,62,132,0.71,1,0,0,0,0,NULL,0,0.65),(29,29,162,321,0.54,0.2,0.7,2,4,0.53,NULL,0.75,0.87),(30,30,83,206,0,0,0.83,3,6,0.86,NULL,0.65,0.95),(31,31,14,46,0,0,0.35,0,3,0.56,NULL,0,0),(32,32,231,398,0,0,0.86,2,4,0.85,NULL,0.75,0.96),(33,33,0,0,0,0,0,5,9,0.97,NULL,0,0.44),(34,34,301,563,0.97,1,0,4,7,0.93,NULL,0.87,0.99),(35,35,34,111,0.32,1,0,0,0,0,NULL,0.44,0.65),(36,36,73,181,0.69,0.4,0.86,3,6,0.76,NULL,0.91,0.87);
/*!40000 ALTER TABLE `factors` ENABLE KEYS */;
UNLOCK TABLES;

--
-- Table structure for table `match`
--

DROP TABLE IF EXISTS `match`;
/*!40101 SET @saved_cs_client     = @@character_set_client */;
/*!40101 SET character_set_client = utf8 */;
CREATE TABLE `match` (
  `_id` int(11) NOT NULL AUTO_INCREMENT,
  `event_id` int(11) NOT NULL,
  `tba_match_key` varchar(255) DEFAULT NULL,
  `comp_level` varchar(45) DEFAULT NULL COMMENT 'This is a code that indicates whether this is a qualifier, quarter final, semi final, or final match.',
  `set_number` int(11) DEFAULT NULL,
  `match_number` int(11) DEFAULT NULL,
  `status` varchar(45) DEFAULT NULL COMMENT 'Status of match. Not started, complete, cancelled, delayed, etc.\n',
  `red_1_team_id` int(11) DEFAULT NULL,
  `red_2_team_id` int(11) DEFAULT NULL,
  `red_3_team_id` int(11) DEFAULT NULL,
  `red_auto_score` int(11) DEFAULT NULL,
  `red_teleop_score` int(11) DEFAULT NULL,
  `red_total_score` int(11) DEFAULT NULL,
  `red_qp` float DEFAULT NULL,
  `red_foul_points` int(11) DEFAULT NULL,
  `blue_1_team_id` int(11) DEFAULT NULL,
  `blue_2_team_id` int(11) DEFAULT NULL,
  `blue_3_team_id` int(11) DEFAULT NULL,
  `blue_auto_score` int(11) DEFAULT NULL,
  `blue_teleop_score` int(11) DEFAULT NULL,
  `blue_total_score` int(11) DEFAULT NULL,
  `blue_qp` float DEFAULT NULL,
  `blue_foul_points` int(11) DEFAULT NULL,
  `winner` varchar(45) DEFAULT NULL,
  `drive_team_comments` varchar(2000) DEFAULT NULL,
  PRIMARY KEY (`_id`),
  KEY `fk_match_event_idx` (`event_id`)
) ENGINE=InnoDB AUTO_INCREMENT=73 DEFAULT CHARSET=utf8;
/*!40101 SET character_set_client = @saved_cs_client */;

--
-- Dumping data for table `match`
--

LOCK TABLES `match` WRITE;
/*!40000 ALTER TABLE `match` DISABLE KEYS */;
INSERT INTO `match` VALUES (1,1,NULL,NULL,NULL,1,NULL,7,25,20,15,235,250,1,NULL,34,19,3,15,291,306,3,NULL,'blue',NULL),(2,1,NULL,NULL,NULL,2,NULL,14,8,24,0,101,101,0,NULL,36,26,11,15,284,299,3,NULL,'blue',NULL),(3,1,NULL,NULL,NULL,3,NULL,13,31,1,5,110,115,0,NULL,12,33,2,10,195,205,2,NULL,'blue',NULL),(4,1,NULL,NULL,NULL,4,NULL,6,30,29,10,208,218,2,NULL,35,18,28,15,82,97,1,NULL,'red',NULL),(5,1,NULL,NULL,NULL,5,NULL,23,22,32,10,392,402,3,NULL,4,17,27,10,255,265,1,NULL,'red',NULL),(6,1,NULL,NULL,NULL,6,NULL,15,9,21,15,321,336,1,NULL,5,16,10,15,367,382,3,NULL,'blue',NULL),(7,1,NULL,NULL,NULL,7,NULL,33,7,13,10,224,234,1,NULL,22,23,3,10,292,302,3,NULL,'blue',NULL),(8,1,NULL,NULL,NULL,8,NULL,32,6,18,10,118,128,0,NULL,29,31,12,10,214,224,2,NULL,'blue',NULL),(9,1,NULL,NULL,NULL,9,NULL,19,9,35,10,177,187,1,NULL,10,24,11,15,297,312,3,NULL,'blue',NULL),(10,1,NULL,NULL,NULL,10,NULL,8,36,27,5,198,203,2,NULL,2,26,30,5,168,173,1,NULL,'red',NULL),(11,1,NULL,NULL,NULL,11,NULL,34,21,1,10,442,452,3,NULL,28,25,15,15,134,149,1,NULL,'red',NULL),(12,1,NULL,NULL,NULL,12,NULL,20,5,17,10,337,347,3,NULL,14,4,16,10,161,171,1,NULL,'red',NULL),(13,1,NULL,NULL,NULL,13,NULL,15,12,13,10,228,238,3,NULL,20,29,3,15,208,223,1,NULL,'red',NULL),(14,1,NULL,NULL,NULL,14,NULL,23,14,4,5,147,152,0,NULL,2,22,19,10,333,343,3,NULL,'blue',NULL),(15,1,NULL,NULL,NULL,15,NULL,24,33,28,15,202,217,0,NULL,21,34,30,15,441,456,3,NULL,'blue',NULL),(16,1,NULL,NULL,NULL,16,NULL,16,35,32,10,223,233,1,NULL,6,7,5,10,224,234,3,NULL,'blue',NULL),(17,1,NULL,NULL,NULL,17,NULL,9,25,26,10,147,157,3,NULL,36,8,31,5,151,156,0,NULL,'red',NULL),(18,1,NULL,NULL,NULL,18,NULL,10,1,11,10,243,253,1,NULL,27,17,18,10,284,294,3,NULL,'blue',NULL),(19,1,NULL,NULL,NULL,19,NULL,7,14,25,10,229,239,3,NULL,8,27,18,5,100,105,0,NULL,'red',NULL),(20,1,NULL,NULL,NULL,20,NULL,36,13,24,10,225,235,1,NULL,26,17,28,5,292,297,3,NULL,'blue',NULL),(21,1,NULL,NULL,NULL,21,NULL,20,4,23,10,214,224,2,NULL,9,19,1,10,172,182,1,NULL,'red',NULL),(22,1,NULL,NULL,NULL,22,NULL,33,35,15,10,188,198,0,NULL,11,30,10,15,341,356,4,NULL,'blue',NULL),(23,1,NULL,NULL,NULL,23,NULL,21,3,34,15,462,477,3,NULL,32,16,2,15,239,254,1,NULL,'red',NULL),(24,1,NULL,NULL,NULL,24,NULL,6,5,22,10,307,317,3,NULL,12,31,29,5,124,129,0,NULL,'red',NULL),(25,1,NULL,NULL,NULL,25,NULL,25,14,4,10,191,201,2,NULL,23,9,18,10,139,149,1,NULL,'red',NULL),(26,1,NULL,NULL,NULL,26,NULL,3,33,31,5,157,162,0,NULL,22,8,17,5,448,453,3,NULL,'blue',NULL),(27,1,NULL,NULL,NULL,27,NULL,7,24,21,10,310,320,3,NULL,15,2,36,5,262,267,1,NULL,'red',NULL),(28,1,NULL,NULL,NULL,28,NULL,6,32,5,10,177,187,1,NULL,29,35,30,15,224,239,3,NULL,'blue',NULL),(29,1,NULL,NULL,NULL,29,NULL,13,26,20,5,191,196,1,NULL,28,16,10,10,277,287,3,NULL,'blue',NULL),(30,1,NULL,NULL,NULL,30,NULL,12,11,34,15,340,355,3,NULL,27,19,1,5,103,108,0,NULL,'red',NULL),(31,1,NULL,NULL,NULL,31,NULL,27,25,34,10,336,346,3,NULL,28,24,33,5,205,210,0,NULL,'red',NULL),(32,1,NULL,NULL,NULL,32,NULL,9,3,10,15,279,294,3,NULL,16,4,23,10,214,224,1,NULL,'red',NULL),(33,1,NULL,NULL,NULL,33,NULL,8,2,17,10,281,291,1,NULL,21,11,5,15,359,374,3,NULL,'blue',NULL),(34,1,NULL,NULL,NULL,34,NULL,18,26,36,15,188,203,1,NULL,29,32,22,10,409,419,3,NULL,'blue',NULL),(35,1,NULL,NULL,NULL,35,NULL,19,15,35,10,175,185,0,NULL,1,12,30,5,248,253,2,NULL,'blue',NULL),(36,1,NULL,NULL,NULL,36,NULL,7,14,20,10,275,285,3,NULL,13,31,6,0,109,109,0,NULL,'red',NULL),(37,1,NULL,NULL,NULL,37,NULL,1,2,3,10,174,184,3,NULL,4,5,6,10,108,118,0,NULL,'red',NULL),(38,1,NULL,NULL,NULL,38,NULL,7,8,9,5,235,240,1,NULL,10,11,12,15,249,264,3,NULL,'blue',NULL),(39,1,NULL,NULL,NULL,39,NULL,13,14,15,10,215,225,1,NULL,16,17,18,15,363,378,3,NULL,'blue',NULL),(40,1,NULL,NULL,NULL,40,NULL,19,20,21,15,261,276,3,NULL,22,23,24,10,216,226,1,NULL,'red',NULL),(41,1,NULL,NULL,NULL,41,NULL,25,26,27,10,125,135,1,NULL,28,29,30,10,141,151,3,NULL,'blue',NULL),(42,1,NULL,NULL,NULL,42,NULL,31,32,33,5,152,157,0,NULL,34,35,36,10,306,316,3,NULL,'blue',NULL),(43,1,NULL,NULL,NULL,43,NULL,1,7,13,10,134,144,3,NULL,19,25,31,0,108,108,0,NULL,'red',NULL),(44,1,NULL,NULL,NULL,44,NULL,2,8,14,10,101,111,0,NULL,20,26,32,15,256,271,3,NULL,'blue',NULL),(45,1,NULL,NULL,NULL,45,NULL,3,9,15,15,255,270,1,NULL,21,27,33,5,266,271,4,NULL,'blue',NULL),(46,1,NULL,NULL,NULL,46,NULL,4,10,16,10,299,309,1,NULL,22,28,34,10,468,478,3,NULL,'blue',NULL),(47,1,NULL,NULL,NULL,47,NULL,5,11,17,10,389,399,3,NULL,23,29,35,5,129,134,0,NULL,'red',NULL),(48,1,NULL,NULL,NULL,48,NULL,6,12,18,10,150,160,0,NULL,24,30,36,15,315,330,3,NULL,'blue',NULL),(49,1,NULL,NULL,NULL,49,NULL,1,12,18,10,155,165,0,NULL,34,28,36,10,405,415,3,NULL,'blue',NULL),(50,1,NULL,NULL,NULL,50,NULL,7,2,13,5,232,237,1,NULL,19,35,29,15,223,238,3,NULL,'blue',NULL),(51,1,NULL,NULL,NULL,51,NULL,24,8,3,5,134,139,1,NULL,14,20,30,10,260,270,3,NULL,'blue',NULL),(52,1,NULL,NULL,NULL,52,NULL,31,25,9,5,169,174,0,NULL,4,15,21,15,191,206,3,NULL,'blue',NULL),(53,1,NULL,NULL,NULL,53,NULL,22,32,26,15,356,371,3,NULL,10,5,16,15,322,337,1,NULL,'red',NULL),(54,1,NULL,NULL,NULL,54,NULL,17,23,33,5,360,365,4,NULL,27,11,6,5,193,198,0,NULL,'red',NULL),(55,1,NULL,NULL,NULL,55,NULL,1,19,2,15,149,164,0,NULL,20,25,30,15,219,234,3,NULL,'blue',NULL),(56,1,NULL,NULL,NULL,56,NULL,13,7,14,10,182,192,3,NULL,8,31,29,5,158,163,0,NULL,'red',NULL),(57,1,NULL,NULL,NULL,57,NULL,32,26,3,10,227,237,1,NULL,21,4,22,15,406,421,3,NULL,'blue',NULL),(58,1,NULL,NULL,NULL,58,NULL,33,36,15,5,255,260,0,NULL,9,16,10,10,375,385,3,NULL,'blue',NULL),(59,1,NULL,NULL,NULL,59,NULL,6,24,27,5,100,105,0,NULL,35,5,23,10,172,182,2,NULL,'blue',NULL),(60,1,NULL,NULL,NULL,60,NULL,18,12,34,15,345,360,3,NULL,28,17,11,10,349,359,1,NULL,'red',NULL),(61,1,NULL,NULL,NULL,61,NULL,1,5,13,10,170,180,2,NULL,20,12,4,15,165,180,1,NULL,'draw',NULL),(62,1,NULL,NULL,NULL,62,NULL,6,21,25,10,234,244,3,NULL,30,24,11,15,213,228,1,NULL,'red',NULL),(63,1,NULL,NULL,NULL,63,NULL,14,26,31,0,119,119,0,NULL,34,29,19,10,412,422,3,NULL,'blue',NULL),(64,1,NULL,NULL,NULL,64,NULL,15,27,35,5,205,210,2,NULL,36,28,18,15,183,198,1,NULL,'red',NULL),(65,1,NULL,NULL,NULL,65,NULL,7,22,32,10,364,374,3,NULL,33,23,10,10,230,240,1,NULL,'red',NULL),(66,1,NULL,NULL,NULL,66,NULL,2,8,16,10,214,224,1,NULL,17,9,3,15,375,390,3,NULL,'blue',NULL),(67,1,NULL,NULL,NULL,67,NULL,1,24,15,15,159,174,0,NULL,14,5,35,15,161,176,2,NULL,'blue',NULL),(68,1,NULL,NULL,NULL,68,NULL,26,9,23,10,184,194,1,NULL,27,10,11,10,242,252,3,NULL,'blue',NULL),(69,1,NULL,NULL,NULL,69,NULL,17,16,33,10,364,374,1,NULL,34,30,22,15,480,495,3,NULL,'blue',NULL),(70,1,NULL,NULL,NULL,70,NULL,6,31,2,5,93,98,0,NULL,13,29,4,5,179,184,3,NULL,'blue',NULL),(71,1,NULL,NULL,NULL,71,NULL,7,36,25,15,277,292,3,NULL,28,20,21,15,262,277,1,NULL,'red',NULL),(72,1,NULL,NULL,NULL,72,NULL,18,8,32,10,174,184,1,NULL,19,3,12,15,185,200,3,NULL,'blue',NULL);
/*!40000 ALTER TABLE `match` ENABLE KEYS */;
UNLOCK TABLES;

--
-- Temporary view structure for view `min_max_avg`
--

DROP TABLE IF EXISTS `min_max_avg`;
/*!50001 DROP VIEW IF EXISTS `min_max_avg`*/;
SET @saved_cs_client     = @@character_set_client;
SET character_set_client = utf8;
/*!50001 CREATE VIEW `min_max_avg` AS SELECT 
 1 AS `team_number`,
 1 AS `name`,
 1 AS `MIN(tma.quantity)`,
 1 AS `MAX(tma.quantity)`,
 1 AS `AVG(tma.quantity)`*/;
SET character_set_client = @saved_cs_client;

--
-- Table structure for table `team`
--

DROP TABLE IF EXISTS `team`;
/*!40101 SET @saved_cs_client     = @@character_set_client */;
/*!40101 SET character_set_client = utf8 */;
CREATE TABLE `team` (
  `_id` int(11) NOT NULL AUTO_INCREMENT COMMENT 'The FRC team number. Example: 1425, 360, 4488',
  `team_number` varchar(25) DEFAULT NULL,
  `tba_team_key` varchar(45) DEFAULT NULL COMMENT 'This is the key used by The Blue Alliance website. This key is used when retreiving team data from the TBA API.',
  `long_name` varchar(255) DEFAULT NULL COMMENT 'Team name. Example: Error Code Xero, Flaming Chickens',
  `name` varchar(255) DEFAULT NULL,
  `logo_file_location` varchar(2000) DEFAULT NULL COMMENT 'The file location of a logo file. This could be a file path or a url.',
  `city` varchar(255) DEFAULT NULL,
  `state_code` varchar(45) DEFAULT NULL,
  `country` varchar(255) DEFAULT NULL,
  `motto` varchar(2000) DEFAULT NULL,
  `rookie_year` int(11) DEFAULT NULL,
  `robot_name` varchar(255) DEFAULT NULL,
  `robot_picture_file_location` varchar(2000) DEFAULT NULL COMMENT 'File path or url to robot picture',
  `robot_drive_type` varchar(45) DEFAULT NULL,
  `robot_wheel_count` int(11) DEFAULT NULL,
  `robot_drive_motor_count` int(11) DEFAULT NULL,
  `robot_software_language` varchar(45) DEFAULT NULL,
  `robot_description` varchar(2000) DEFAULT NULL,
  `pit_scout_comments` varchar(2000) DEFAULT NULL,
  `can_collect_ground_fuel` int(11) DEFAULT NULL,
  `can_collect_feeder_fuel` int(11) DEFAULT NULL,
  `can_collect_hopper_fuel` int(11) DEFAULT NULL,
  `can_activate_hoppers` int(11) DEFAULT NULL,
  `can_score_fuel_low` int(11) DEFAULT NULL,
  `can_score_high_low` int(11) DEFAULT NULL,
  `can_collect_feeder_gears` int(11) DEFAULT NULL,
  `can_collect_ground_gears` int(11) DEFAULT NULL,
  `can_score_gears` int(11) DEFAULT NULL,
  `can_climb` int(11) DEFAULT NULL,
  `can_activate_touchpad` int(11) DEFAULT NULL,
  `uses_own_rope` int(11) DEFAULT NULL,
  `defensive` int(11) DEFAULT NULL,
  `max_fuel_capacity` int(11) DEFAULT NULL,
  `fuel_container_volume` float DEFAULT NULL,
  PRIMARY KEY (`_id`),
  UNIQUE KEY `team_number_UNIQUE` (`team_number`),
  KEY `idx_tba_team_key` (`tba_team_key`)
) ENGINE=InnoDB AUTO_INCREMENT=37 DEFAULT CHARSET=utf8 COMMENT='This table contains FRC team data for a competition year. It includes information about their robot.';
/*!40101 SET character_set_client = @saved_cs_client */;

--
-- Dumping data for table `team`
--

LOCK TABLES `team` WRITE;
/*!40000 ALTER TABLE `team` DISABLE KEYS */;
INSERT INTO `team` VALUES (1,'1',NULL,NULL,NULL,NULL,NULL,NULL,NULL,NULL,NULL,NULL,NULL,NULL,NULL,NULL,NULL,NULL,NULL,NULL,NULL,NULL,NULL,NULL,NULL,NULL,NULL,NULL,NULL,NULL,NULL,NULL,NULL,NULL),(2,'2',NULL,NULL,NULL,NULL,NULL,NULL,NULL,NULL,NULL,NULL,NULL,NULL,NULL,NULL,NULL,NULL,NULL,NULL,NULL,NULL,NULL,NULL,NULL,NULL,NULL,NULL,NULL,NULL,NULL,NULL,NULL,NULL),(3,'3',NULL,NULL,NULL,NULL,NULL,NULL,NULL,NULL,NULL,NULL,NULL,NULL,NULL,NULL,NULL,NULL,NULL,NULL,NULL,NULL,NULL,NULL,NULL,NULL,NULL,NULL,NULL,NULL,NULL,NULL,NULL,NULL),(4,'4',NULL,NULL,NULL,NULL,NULL,NULL,NULL,NULL,NULL,NULL,NULL,NULL,NULL,NULL,NULL,NULL,NULL,NULL,NULL,NULL,NULL,NULL,NULL,NULL,NULL,NULL,NULL,NULL,NULL,NULL,NULL,NULL),(5,'5',NULL,NULL,NULL,NULL,NULL,NULL,NULL,NULL,NULL,NULL,NULL,NULL,NULL,NULL,NULL,NULL,NULL,NULL,NULL,NULL,NULL,NULL,NULL,NULL,NULL,NULL,NULL,NULL,NULL,NULL,NULL,NULL),(6,'6',NULL,NULL,NULL,NULL,NULL,NULL,NULL,NULL,NULL,NULL,NULL,NULL,NULL,NULL,NULL,NULL,NULL,NULL,NULL,NULL,NULL,NULL,NULL,NULL,NULL,NULL,NULL,NULL,NULL,NULL,NULL,NULL),(7,'7',NULL,NULL,NULL,NULL,NULL,NULL,NULL,NULL,NULL,NULL,NULL,NULL,NULL,NULL,NULL,NULL,NULL,NULL,NULL,NULL,NULL,NULL,NULL,NULL,NULL,NULL,NULL,NULL,NULL,NULL,NULL,NULL),(8,'8',NULL,NULL,NULL,NULL,NULL,NULL,NULL,NULL,NULL,NULL,NULL,NULL,NULL,NULL,NULL,NULL,NULL,NULL,NULL,NULL,NULL,NULL,NULL,NULL,NULL,NULL,NULL,NULL,NULL,NULL,NULL,NULL),(9,'9',NULL,NULL,NULL,NULL,NULL,NULL,NULL,NULL,NULL,NULL,NULL,NULL,NULL,NULL,NULL,NULL,NULL,NULL,NULL,NULL,NULL,NULL,NULL,NULL,NULL,NULL,NULL,NULL,NULL,NULL,NULL,NULL),(10,'10',NULL,NULL,NULL,NULL,NULL,NULL,NULL,NULL,NULL,NULL,NULL,NULL,NULL,NULL,NULL,NULL,NULL,NULL,NULL,NULL,NULL,NULL,NULL,NULL,NULL,NULL,NULL,NULL,NULL,NULL,NULL,NULL),(11,'11',NULL,NULL,NULL,NULL,NULL,NULL,NULL,NULL,NULL,NULL,NULL,NULL,NULL,NULL,NULL,NULL,NULL,NULL,NULL,NULL,NULL,NULL,NULL,NULL,NULL,NULL,NULL,NULL,NULL,NULL,NULL,NULL),(12,'12',NULL,NULL,NULL,NULL,NULL,NULL,NULL,NULL,NULL,NULL,NULL,NULL,NULL,NULL,NULL,NULL,NULL,NULL,NULL,NULL,NULL,NULL,NULL,NULL,NULL,NULL,NULL,NULL,NULL,NULL,NULL,NULL),(13,'13',NULL,NULL,NULL,NULL,NULL,NULL,NULL,NULL,NULL,NULL,NULL,NULL,NULL,NULL,NULL,NULL,NULL,NULL,NULL,NULL,NULL,NULL,NULL,NULL,NULL,NULL,NULL,NULL,NULL,NULL,NULL,NULL),(14,'14',NULL,NULL,NULL,NULL,NULL,NULL,NULL,NULL,NULL,NULL,NULL,NULL,NULL,NULL,NULL,NULL,NULL,NULL,NULL,NULL,NULL,NULL,NULL,NULL,NULL,NULL,NULL,NULL,NULL,NULL,NULL,NULL),(15,'15',NULL,NULL,NULL,NULL,NULL,NULL,NULL,NULL,NULL,NULL,NULL,NULL,NULL,NULL,NULL,NULL,NULL,NULL,NULL,NULL,NULL,NULL,NULL,NULL,NULL,NULL,NULL,NULL,NULL,NULL,NULL,NULL),(16,'16',NULL,NULL,NULL,NULL,NULL,NULL,NULL,NULL,NULL,NULL,NULL,NULL,NULL,NULL,NULL,NULL,NULL,NULL,NULL,NULL,NULL,NULL,NULL,NULL,NULL,NULL,NULL,NULL,NULL,NULL,NULL,NULL),(17,'17',NULL,NULL,NULL,NULL,NULL,NULL,NULL,NULL,NULL,NULL,NULL,NULL,NULL,NULL,NULL,NULL,NULL,NULL,NULL,NULL,NULL,NULL,NULL,NULL,NULL,NULL,NULL,NULL,NULL,NULL,NULL,NULL),(18,'18',NULL,NULL,NULL,NULL,NULL,NULL,NULL,NULL,NULL,NULL,NULL,NULL,NULL,NULL,NULL,NULL,NULL,NULL,NULL,NULL,NULL,NULL,NULL,NULL,NULL,NULL,NULL,NULL,NULL,NULL,NULL,NULL),(19,'19',NULL,NULL,NULL,NULL,NULL,NULL,NULL,NULL,NULL,NULL,NULL,NULL,NULL,NULL,NULL,NULL,NULL,NULL,NULL,NULL,NULL,NULL,NULL,NULL,NULL,NULL,NULL,NULL,NULL,NULL,NULL,NULL),(20,'20',NULL,NULL,NULL,NULL,NULL,NULL,NULL,NULL,NULL,NULL,NULL,NULL,NULL,NULL,NULL,NULL,NULL,NULL,NULL,NULL,NULL,NULL,NULL,NULL,NULL,NULL,NULL,NULL,NULL,NULL,NULL,NULL),(21,'21',NULL,NULL,NULL,NULL,NULL,NULL,NULL,NULL,NULL,NULL,NULL,NULL,NULL,NULL,NULL,NULL,NULL,NULL,NULL,NULL,NULL,NULL,NULL,NULL,NULL,NULL,NULL,NULL,NULL,NULL,NULL,NULL),(22,'22',NULL,NULL,NULL,NULL,NULL,NULL,NULL,NULL,NULL,NULL,NULL,NULL,NULL,NULL,NULL,NULL,NULL,NULL,NULL,NULL,NULL,NULL,NULL,NULL,NULL,NULL,NULL,NULL,NULL,NULL,NULL,NULL),(23,'23',NULL,NULL,NULL,NULL,NULL,NULL,NULL,NULL,NULL,NULL,NULL,NULL,NULL,NULL,NULL,NULL,NULL,NULL,NULL,NULL,NULL,NULL,NULL,NULL,NULL,NULL,NULL,NULL,NULL,NULL,NULL,NULL),(24,'24',NULL,NULL,NULL,NULL,NULL,NULL,NULL,NULL,NULL,NULL,NULL,NULL,NULL,NULL,NULL,NULL,NULL,NULL,NULL,NULL,NULL,NULL,NULL,NULL,NULL,NULL,NULL,NULL,NULL,NULL,NULL,NULL),(25,'25',NULL,NULL,NULL,NULL,NULL,NULL,NULL,NULL,NULL,NULL,NULL,NULL,NULL,NULL,NULL,NULL,NULL,NULL,NULL,NULL,NULL,NULL,NULL,NULL,NULL,NULL,NULL,NULL,NULL,NULL,NULL,NULL),(26,'26',NULL,NULL,NULL,NULL,NULL,NULL,NULL,NULL,NULL,NULL,NULL,NULL,NULL,NULL,NULL,NULL,NULL,NULL,NULL,NULL,NULL,NULL,NULL,NULL,NULL,NULL,NULL,NULL,NULL,NULL,NULL,NULL),(27,'27',NULL,NULL,NULL,NULL,NULL,NULL,NULL,NULL,NULL,NULL,NULL,NULL,NULL,NULL,NULL,NULL,NULL,NULL,NULL,NULL,NULL,NULL,NULL,NULL,NULL,NULL,NULL,NULL,NULL,NULL,NULL,NULL),(28,'28',NULL,NULL,NULL,NULL,NULL,NULL,NULL,NULL,NULL,NULL,NULL,NULL,NULL,NULL,NULL,NULL,NULL,NULL,NULL,NULL,NULL,NULL,NULL,NULL,NULL,NULL,NULL,NULL,NULL,NULL,NULL,NULL),(29,'29',NULL,NULL,NULL,NULL,NULL,NULL,NULL,NULL,NULL,NULL,NULL,NULL,NULL,NULL,NULL,NULL,NULL,NULL,NULL,NULL,NULL,NULL,NULL,NULL,NULL,NULL,NULL,NULL,NULL,NULL,NULL,NULL),(30,'30',NULL,NULL,NULL,NULL,NULL,NULL,NULL,NULL,NULL,NULL,NULL,NULL,NULL,NULL,NULL,NULL,NULL,NULL,NULL,NULL,NULL,NULL,NULL,NULL,NULL,NULL,NULL,NULL,NULL,NULL,NULL,NULL),(31,'31',NULL,NULL,NULL,NULL,NULL,NULL,NULL,NULL,NULL,NULL,NULL,NULL,NULL,NULL,NULL,NULL,NULL,NULL,NULL,NULL,NULL,NULL,NULL,NULL,NULL,NULL,NULL,NULL,NULL,NULL,NULL,NULL),(32,'32',NULL,NULL,NULL,NULL,NULL,NULL,NULL,NULL,NULL,NULL,NULL,NULL,NULL,NULL,NULL,NULL,NULL,NULL,NULL,NULL,NULL,NULL,NULL,NULL,NULL,NULL,NULL,NULL,NULL,NULL,NULL,NULL),(33,'33',NULL,NULL,NULL,NULL,NULL,NULL,NULL,NULL,NULL,NULL,NULL,NULL,NULL,NULL,NULL,NULL,NULL,NULL,NULL,NULL,NULL,NULL,NULL,NULL,NULL,NULL,NULL,NULL,NULL,NULL,NULL,NULL),(34,'34',NULL,NULL,NULL,NULL,NULL,NULL,NULL,NULL,NULL,NULL,NULL,NULL,NULL,NULL,NULL,NULL,NULL,NULL,NULL,NULL,NULL,NULL,NULL,NULL,NULL,NULL,NULL,NULL,NULL,NULL,NULL,NULL),(35,'35',NULL,NULL,NULL,NULL,NULL,NULL,NULL,NULL,NULL,NULL,NULL,NULL,NULL,NULL,NULL,NULL,NULL,NULL,NULL,NULL,NULL,NULL,NULL,NULL,NULL,NULL,NULL,NULL,NULL,NULL,NULL,NULL),(36,'36',NULL,NULL,NULL,NULL,NULL,NULL,NULL,NULL,NULL,NULL,NULL,NULL,NULL,NULL,NULL,NULL,NULL,NULL,NULL,NULL,NULL,NULL,NULL,NULL,NULL,NULL,NULL,NULL,NULL,NULL,NULL,NULL);
/*!40000 ALTER TABLE `team` ENABLE KEYS */;
UNLOCK TABLES;

--
-- Table structure for table `team_match`
--

DROP TABLE IF EXISTS `team_match`;
/*!40101 SET @saved_cs_client     = @@character_set_client */;
/*!40101 SET character_set_client = utf8 */;
CREATE TABLE `team_match` (
  `_id` int(11) NOT NULL AUTO_INCREMENT,
  `team_id` int(11) NOT NULL,
  `match_id` int(11) NOT NULL,
  `alliance` varchar(45) DEFAULT NULL,
  `position` int(11) DEFAULT NULL,
  `scout_name` varchar(255) DEFAULT NULL COMMENT 'Name of scouter or tablet_id',
  PRIMARY KEY (`_id`),
  KEY `fk_team_match_team_idx` (`team_id`)
) ENGINE=InnoDB AUTO_INCREMENT=433 DEFAULT CHARSET=utf8;
/*!40101 SET character_set_client = @saved_cs_client */;

--
-- Dumping data for table `team_match`
--

LOCK TABLES `team_match` WRITE;
/*!40000 ALTER TABLE `team_match` DISABLE KEYS */;
INSERT INTO `team_match` VALUES (1,7,1,'red',1,NULL),(2,25,1,'red',2,NULL),(3,20,1,'red',3,NULL),(4,34,1,'blue',1,NULL),(5,19,1,'blue',2,NULL),(6,3,1,'blue',3,NULL),(7,14,2,'red',1,NULL),(8,8,2,'red',2,NULL),(9,24,2,'red',3,NULL),(10,36,2,'blue',1,NULL),(11,26,2,'blue',2,NULL),(12,11,2,'blue',3,NULL),(13,13,3,'red',1,NULL),(14,31,3,'red',2,NULL),(15,1,3,'red',3,NULL),(16,12,3,'blue',1,NULL),(17,33,3,'blue',2,NULL),(18,2,3,'blue',3,NULL),(19,6,4,'red',1,NULL),(20,30,4,'red',2,NULL),(21,29,4,'red',3,NULL),(22,35,4,'blue',1,NULL),(23,18,4,'blue',2,NULL),(24,28,4,'blue',3,NULL),(25,23,5,'red',1,NULL),(26,22,5,'red',2,NULL),(27,32,5,'red',3,NULL),(28,4,5,'blue',1,NULL),(29,17,5,'blue',2,NULL),(30,27,5,'blue',3,NULL),(31,15,6,'red',1,NULL),(32,9,6,'red',2,NULL),(33,21,6,'red',3,NULL),(34,5,6,'blue',1,NULL),(35,16,6,'blue',2,NULL),(36,10,6,'blue',3,NULL),(37,33,7,'red',1,NULL),(38,7,7,'red',2,NULL),(39,13,7,'red',3,NULL),(40,22,7,'blue',1,NULL),(41,23,7,'blue',2,NULL),(42,3,7,'blue',3,NULL),(43,32,8,'red',1,NULL),(44,6,8,'red',2,NULL),(45,18,8,'red',3,NULL),(46,29,8,'blue',1,NULL),(47,31,8,'blue',2,NULL),(48,12,8,'blue',3,NULL),(49,19,9,'red',1,NULL),(50,9,9,'red',2,NULL),(51,35,9,'red',3,NULL),(52,10,9,'blue',1,NULL),(53,24,9,'blue',2,NULL),(54,11,9,'blue',3,NULL),(55,8,10,'red',1,NULL),(56,36,10,'red',2,NULL),(57,27,10,'red',3,NULL),(58,2,10,'blue',1,NULL),(59,26,10,'blue',2,NULL),(60,30,10,'blue',3,NULL),(61,34,11,'red',1,NULL),(62,21,11,'red',2,NULL),(63,1,11,'red',3,NULL),(64,28,11,'blue',1,NULL),(65,25,11,'blue',2,NULL),(66,15,11,'blue',3,NULL),(67,20,12,'red',1,NULL),(68,5,12,'red',2,NULL),(69,17,12,'red',3,NULL),(70,14,12,'blue',1,NULL),(71,4,12,'blue',2,NULL),(72,16,12,'blue',3,NULL),(73,15,13,'red',1,NULL),(74,12,13,'red',2,NULL),(75,13,13,'red',3,NULL),(76,20,13,'blue',1,NULL),(77,29,13,'blue',2,NULL),(78,3,13,'blue',3,NULL),(79,23,14,'red',1,NULL),(80,14,14,'red',2,NULL),(81,4,14,'red',3,NULL),(82,2,14,'blue',1,NULL),(83,22,14,'blue',2,NULL),(84,19,14,'blue',3,NULL),(85,24,15,'red',1,NULL),(86,33,15,'red',2,NULL),(87,28,15,'red',3,NULL),(88,21,15,'blue',1,NULL),(89,34,15,'blue',2,NULL),(90,30,15,'blue',3,NULL),(91,16,16,'red',1,NULL),(92,35,16,'red',2,NULL),(93,32,16,'red',3,NULL),(94,6,16,'blue',1,NULL),(95,7,16,'blue',2,NULL),(96,5,16,'blue',3,NULL),(97,9,17,'red',1,NULL),(98,25,17,'red',2,NULL),(99,26,17,'red',3,NULL),(100,36,17,'blue',1,NULL),(101,8,17,'blue',2,NULL),(102,31,17,'blue',3,NULL),(103,10,18,'red',1,NULL),(104,1,18,'red',2,NULL),(105,11,18,'red',3,NULL),(106,27,18,'blue',1,NULL),(107,17,18,'blue',2,NULL),(108,18,18,'blue',3,NULL),(109,7,19,'red',1,NULL),(110,14,19,'red',2,NULL),(111,25,19,'red',3,NULL),(112,8,19,'blue',1,NULL),(113,27,19,'blue',2,NULL),(114,18,19,'blue',3,NULL),(115,36,20,'red',1,NULL),(116,13,20,'red',2,NULL),(117,24,20,'red',3,NULL),(118,26,20,'blue',1,NULL),(119,17,20,'blue',2,NULL),(120,28,20,'blue',3,NULL),(121,20,21,'red',1,NULL),(122,4,21,'red',2,NULL),(123,23,21,'red',3,NULL),(124,9,21,'blue',1,NULL),(125,19,21,'blue',2,NULL),(126,1,21,'blue',3,NULL),(127,33,22,'red',1,NULL),(128,35,22,'red',2,NULL),(129,15,22,'red',3,NULL),(130,11,22,'blue',1,NULL),(131,30,22,'blue',2,NULL),(132,10,22,'blue',3,NULL),(133,21,23,'red',1,NULL),(134,3,23,'red',2,NULL),(135,34,23,'red',3,NULL),(136,32,23,'blue',1,NULL),(137,16,23,'blue',2,NULL),(138,2,23,'blue',3,NULL),(139,6,24,'red',1,NULL),(140,5,24,'red',2,NULL),(141,22,24,'red',3,NULL),(142,12,24,'blue',1,NULL),(143,31,24,'blue',2,NULL),(144,29,24,'blue',3,NULL),(145,25,25,'red',1,NULL),(146,14,25,'red',2,NULL),(147,4,25,'red',3,NULL),(148,23,25,'blue',1,NULL),(149,9,25,'blue',2,NULL),(150,18,25,'blue',3,NULL),(151,3,26,'red',1,NULL),(152,33,26,'red',2,NULL),(153,31,26,'red',3,NULL),(154,22,26,'blue',1,NULL),(155,8,26,'blue',2,NULL),(156,17,26,'blue',3,NULL),(157,7,27,'red',1,NULL),(158,24,27,'red',2,NULL),(159,21,27,'red',3,NULL),(160,15,27,'blue',1,NULL),(161,2,27,'blue',2,NULL),(162,36,27,'blue',3,NULL),(163,6,28,'red',1,NULL),(164,32,28,'red',2,NULL),(165,5,28,'red',3,NULL),(166,29,28,'blue',1,NULL),(167,35,28,'blue',2,NULL),(168,30,28,'blue',3,NULL),(169,13,29,'red',1,NULL),(170,26,29,'red',2,NULL),(171,20,29,'red',3,NULL),(172,28,29,'blue',1,NULL),(173,16,29,'blue',2,NULL),(174,10,29,'blue',3,NULL),(175,12,30,'red',1,NULL),(176,11,30,'red',2,NULL),(177,34,30,'red',3,NULL),(178,27,30,'blue',1,NULL),(179,19,30,'blue',2,NULL),(180,1,30,'blue',3,NULL),(181,27,31,'red',1,NULL),(182,25,31,'red',2,NULL),(183,34,31,'red',3,NULL),(184,28,31,'blue',1,NULL),(185,24,31,'blue',2,NULL),(186,33,31,'blue',3,NULL),(187,9,32,'red',1,NULL),(188,3,32,'red',2,NULL),(189,10,32,'red',3,NULL),(190,16,32,'blue',1,NULL),(191,4,32,'blue',2,NULL),(192,23,32,'blue',3,NULL),(193,8,33,'red',1,NULL),(194,2,33,'red',2,NULL),(195,17,33,'red',3,NULL),(196,21,33,'blue',1,NULL),(197,11,33,'blue',2,NULL),(198,5,33,'blue',3,NULL),(199,18,34,'red',1,NULL),(200,26,34,'red',2,NULL),(201,36,34,'red',3,NULL),(202,29,34,'blue',1,NULL),(203,32,34,'blue',2,NULL),(204,22,34,'blue',3,NULL),(205,19,35,'red',1,NULL),(206,15,35,'red',2,NULL),(207,35,35,'red',3,NULL),(208,1,35,'blue',1,NULL),(209,12,35,'blue',2,NULL),(210,30,35,'blue',3,NULL),(211,7,36,'red',1,NULL),(212,14,36,'red',2,NULL),(213,20,36,'red',3,NULL),(214,13,36,'blue',1,NULL),(215,31,36,'blue',2,NULL),(216,6,36,'blue',3,NULL),(217,1,37,'red',1,NULL),(218,2,37,'red',2,NULL),(219,3,37,'red',3,NULL),(220,4,37,'blue',1,NULL),(221,5,37,'blue',2,NULL),(222,6,37,'blue',3,NULL),(223,7,38,'red',1,NULL),(224,8,38,'red',2,NULL),(225,9,38,'red',3,NULL),(226,10,38,'blue',1,NULL),(227,11,38,'blue',2,NULL),(228,12,38,'blue',3,NULL),(229,13,39,'red',1,NULL),(230,14,39,'red',2,NULL),(231,15,39,'red',3,NULL),(232,16,39,'blue',1,NULL),(233,17,39,'blue',2,NULL),(234,18,39,'blue',3,NULL),(235,19,40,'red',1,NULL),(236,20,40,'red',2,NULL),(237,21,40,'red',3,NULL),(238,22,40,'blue',1,NULL),(239,23,40,'blue',2,NULL),(240,24,40,'blue',3,NULL),(241,25,41,'red',1,NULL),(242,26,41,'red',2,NULL),(243,27,41,'red',3,NULL),(244,28,41,'blue',1,NULL),(245,29,41,'blue',2,NULL),(246,30,41,'blue',3,NULL),(247,31,42,'red',1,NULL),(248,32,42,'red',2,NULL),(249,33,42,'red',3,NULL),(250,34,42,'blue',1,NULL),(251,35,42,'blue',2,NULL),(252,36,42,'blue',3,NULL),(253,1,43,'red',1,NULL),(254,7,43,'red',2,NULL),(255,13,43,'red',3,NULL),(256,19,43,'blue',1,NULL),(257,25,43,'blue',2,NULL),(258,31,43,'blue',3,NULL),(259,2,44,'red',1,NULL),(260,8,44,'red',2,NULL),(261,14,44,'red',3,NULL),(262,20,44,'blue',1,NULL),(263,26,44,'blue',2,NULL),(264,32,44,'blue',3,NULL),(265,3,45,'red',1,NULL),(266,9,45,'red',2,NULL),(267,15,45,'red',3,NULL),(268,21,45,'blue',1,NULL),(269,27,45,'blue',2,NULL),(270,33,45,'blue',3,NULL),(271,4,46,'red',1,NULL),(272,10,46,'red',2,NULL),(273,16,46,'red',3,NULL),(274,22,46,'blue',1,NULL),(275,28,46,'blue',2,NULL),(276,34,46,'blue',3,NULL),(277,5,47,'red',1,NULL),(278,11,47,'red',2,NULL),(279,17,47,'red',3,NULL),(280,23,47,'blue',1,NULL),(281,29,47,'blue',2,NULL),(282,35,47,'blue',3,NULL),(283,6,48,'red',1,NULL),(284,12,48,'red',2,NULL),(285,18,48,'red',3,NULL),(286,24,48,'blue',1,NULL),(287,30,48,'blue',2,NULL),(288,36,48,'blue',3,NULL),(289,1,49,'red',1,NULL),(290,12,49,'red',2,NULL),(291,18,49,'red',3,NULL),(292,34,49,'blue',1,NULL),(293,28,49,'blue',2,NULL),(294,36,49,'blue',3,NULL),(295,7,50,'red',1,NULL),(296,2,50,'red',2,NULL),(297,13,50,'red',3,NULL),(298,19,50,'blue',1,NULL),(299,35,50,'blue',2,NULL),(300,29,50,'blue',3,NULL),(301,24,51,'red',1,NULL),(302,8,51,'red',2,NULL),(303,3,51,'red',3,NULL),(304,14,51,'blue',1,NULL),(305,20,51,'blue',2,NULL),(306,30,51,'blue',3,NULL),(307,31,52,'red',1,NULL),(308,25,52,'red',2,NULL),(309,9,52,'red',3,NULL),(310,4,52,'blue',1,NULL),(311,15,52,'blue',2,NULL),(312,21,52,'blue',3,NULL),(313,22,53,'red',1,NULL),(314,32,53,'red',2,NULL),(315,26,53,'red',3,NULL),(316,10,53,'blue',1,NULL),(317,5,53,'blue',2,NULL),(318,16,53,'blue',3,NULL),(319,17,54,'red',1,NULL),(320,23,54,'red',2,NULL),(321,33,54,'red',3,NULL),(322,27,54,'blue',1,NULL),(323,11,54,'blue',2,NULL),(324,6,54,'blue',3,NULL),(325,1,55,'red',1,NULL),(326,19,55,'red',2,NULL),(327,2,55,'red',3,NULL),(328,20,55,'blue',1,NULL),(329,25,55,'blue',2,NULL),(330,30,55,'blue',3,NULL),(331,13,56,'red',1,NULL),(332,7,56,'red',2,NULL),(333,14,56,'red',3,NULL),(334,8,56,'blue',1,NULL),(335,31,56,'blue',2,NULL),(336,29,56,'blue',3,NULL),(337,32,57,'red',1,NULL),(338,26,57,'red',2,NULL),(339,3,57,'red',3,NULL),(340,21,57,'blue',1,NULL),(341,4,57,'blue',2,NULL),(342,22,57,'blue',3,NULL),(343,33,58,'red',1,NULL),(344,36,58,'red',2,NULL),(345,15,58,'red',3,NULL),(346,9,58,'blue',1,NULL),(347,16,58,'blue',2,NULL),(348,10,58,'blue',3,NULL),(349,6,59,'red',1,NULL),(350,24,59,'red',2,NULL),(351,27,59,'red',3,NULL),(352,35,59,'blue',1,NULL),(353,5,59,'blue',2,NULL),(354,23,59,'blue',3,NULL),(355,18,60,'red',1,NULL),(356,12,60,'red',2,NULL),(357,34,60,'red',3,NULL),(358,28,60,'blue',1,NULL),(359,17,60,'blue',2,NULL),(360,11,60,'blue',3,NULL),(361,1,61,'red',1,NULL),(362,5,61,'red',2,NULL),(363,13,61,'red',3,NULL),(364,20,61,'blue',1,NULL),(365,12,61,'blue',2,NULL),(366,4,61,'blue',3,NULL),(367,6,62,'red',1,NULL),(368,21,62,'red',2,NULL),(369,25,62,'red',3,NULL),(370,30,62,'blue',1,NULL),(371,24,62,'blue',2,NULL),(372,11,62,'blue',3,NULL),(373,14,63,'red',1,NULL),(374,26,63,'red',2,NULL),(375,31,63,'red',3,NULL),(376,34,63,'blue',1,NULL),(377,29,63,'blue',2,NULL),(378,19,63,'blue',3,NULL),(379,15,64,'red',1,NULL),(380,27,64,'red',2,NULL),(381,35,64,'red',3,NULL),(382,36,64,'blue',1,NULL),(383,28,64,'blue',2,NULL),(384,18,64,'blue',3,NULL),(385,7,65,'red',1,NULL),(386,22,65,'red',2,NULL),(387,32,65,'red',3,NULL),(388,33,65,'blue',1,NULL),(389,23,65,'blue',2,NULL),(390,10,65,'blue',3,NULL),(391,2,66,'red',1,NULL),(392,8,66,'red',2,NULL),(393,16,66,'red',3,NULL),(394,17,66,'blue',1,NULL),(395,9,66,'blue',2,NULL),(396,3,66,'blue',3,NULL),(397,1,67,'red',1,NULL),(398,24,67,'red',2,NULL),(399,15,67,'red',3,NULL),(400,14,67,'blue',1,NULL),(401,5,67,'blue',2,NULL),(402,35,67,'blue',3,NULL),(403,26,68,'red',1,NULL),(404,9,68,'red',2,NULL),(405,23,68,'red',3,NULL),(406,27,68,'blue',1,NULL),(407,10,68,'blue',2,NULL),(408,11,68,'blue',3,NULL),(409,17,69,'red',1,NULL),(410,16,69,'red',2,NULL),(411,33,69,'red',3,NULL),(412,34,69,'blue',1,NULL),(413,30,69,'blue',2,NULL),(414,22,69,'blue',3,NULL),(415,6,70,'red',1,NULL),(416,31,70,'red',2,NULL),(417,2,70,'red',3,NULL),(418,13,70,'blue',1,NULL),(419,29,70,'blue',2,NULL),(420,4,70,'blue',3,NULL),(421,7,71,'red',1,NULL),(422,36,71,'red',2,NULL),(423,25,71,'red',3,NULL),(424,28,71,'blue',1,NULL),(425,20,71,'blue',2,NULL),(426,21,71,'blue',3,NULL),(427,18,72,'red',1,NULL),(428,8,72,'red',2,NULL),(429,32,72,'red',3,NULL),(430,19,72,'blue',1,NULL),(431,3,72,'blue',2,NULL),(432,12,72,'blue',3,NULL);
/*!40000 ALTER TABLE `team_match` ENABLE KEYS */;
UNLOCK TABLES;

--
-- Table structure for table `team_match_action`
--

DROP TABLE IF EXISTS `team_match_action`;
/*!40101 SET @saved_cs_client     = @@character_set_client */;
/*!40101 SET character_set_client = utf8 */;
CREATE TABLE `team_match_action` (
  `_id` int(11) NOT NULL AUTO_INCREMENT,
  `team_match_id` int(11) NOT NULL,
  `action_type_id` int(11) NOT NULL,
  `quantity` int(11) NOT NULL DEFAULT '1',
  `start_time` datetime DEFAULT NULL,
  `end_time` datetime DEFAULT NULL,
  `object_count` int(11) DEFAULT NULL,
  PRIMARY KEY (`_id`),
  KEY `fk_tma_team_match_idx` (`team_match_id`),
  KEY `fk_tma_action_type_idx` (`action_type_id`)
) ENGINE=InnoDB AUTO_INCREMENT=3067 DEFAULT CHARSET=utf8;
/*!40101 SET character_set_client = @saved_cs_client */;

--
-- Dumping data for table `team_match_action`
--

LOCK TABLES `team_match_action` WRITE;
/*!40000 ALTER TABLE `team_match_action` DISABLE KEYS */;
INSERT INTO `team_match_action` VALUES (1,15,9,0,NULL,NULL,NULL),(2,63,9,0,NULL,NULL,NULL),(3,104,9,0,NULL,NULL,NULL),(4,126,9,0,NULL,NULL,NULL),(5,180,9,0,NULL,NULL,NULL),(6,208,9,0,NULL,NULL,NULL),(7,217,9,0,NULL,NULL,NULL),(8,253,9,0,NULL,NULL,NULL),(9,289,9,0,NULL,NULL,NULL),(10,325,9,0,NULL,NULL,NULL),(11,361,9,0,NULL,NULL,NULL),(12,397,9,0,NULL,NULL,NULL),(13,18,9,24,NULL,NULL,NULL),(14,58,9,20,NULL,NULL,NULL),(15,82,9,20,NULL,NULL,NULL),(16,138,9,25,NULL,NULL,NULL),(17,161,9,21,NULL,NULL,NULL),(18,194,9,26,NULL,NULL,NULL),(19,218,9,21,NULL,NULL,NULL),(20,259,9,24,NULL,NULL,NULL),(21,296,9,21,NULL,NULL,NULL),(22,327,9,17,NULL,NULL,NULL),(23,391,9,25,NULL,NULL,NULL),(24,417,9,21,NULL,NULL,NULL),(25,6,9,95,NULL,NULL,NULL),(26,42,9,94,NULL,NULL,NULL),(27,78,9,91,NULL,NULL,NULL),(28,134,9,112,NULL,NULL,NULL),(29,151,9,96,NULL,NULL,NULL),(30,188,9,83,NULL,NULL,NULL),(31,219,9,101,NULL,NULL,NULL),(32,265,9,99,NULL,NULL,NULL),(33,303,9,97,NULL,NULL,NULL),(34,339,9,99,NULL,NULL,NULL),(35,396,9,102,NULL,NULL,NULL),(36,431,9,89,NULL,NULL,NULL),(37,28,9,0,NULL,NULL,NULL),(38,71,9,0,NULL,NULL,NULL),(39,81,9,0,NULL,NULL,NULL),(40,122,9,0,NULL,NULL,NULL),(41,147,9,0,NULL,NULL,NULL),(42,191,9,0,NULL,NULL,NULL),(43,220,9,0,NULL,NULL,NULL),(44,271,9,0,NULL,NULL,NULL),(45,310,9,0,NULL,NULL,NULL),(46,341,9,0,NULL,NULL,NULL),(47,366,9,0,NULL,NULL,NULL),(48,420,9,0,NULL,NULL,NULL),(49,34,9,0,NULL,NULL,NULL),(50,68,9,0,NULL,NULL,NULL),(51,96,9,0,NULL,NULL,NULL),(52,140,9,0,NULL,NULL,NULL),(53,165,9,0,NULL,NULL,NULL),(54,198,9,0,NULL,NULL,NULL),(55,221,9,0,NULL,NULL,NULL),(56,277,9,0,NULL,NULL,NULL),(57,317,9,0,NULL,NULL,NULL),(58,353,9,0,NULL,NULL,NULL),(59,362,9,0,NULL,NULL,NULL),(60,401,9,0,NULL,NULL,NULL),(61,19,9,0,NULL,NULL,NULL),(62,44,9,0,NULL,NULL,NULL),(63,94,9,0,NULL,NULL,NULL),(64,139,9,0,NULL,NULL,NULL),(65,163,9,0,NULL,NULL,NULL),(66,216,9,0,NULL,NULL,NULL),(67,222,9,0,NULL,NULL,NULL),(68,283,9,0,NULL,NULL,NULL),(69,324,9,0,NULL,NULL,NULL),(70,349,9,0,NULL,NULL,NULL),(71,367,9,0,NULL,NULL,NULL),(72,415,9,0,NULL,NULL,NULL),(73,1,9,0,NULL,NULL,NULL),(74,38,9,0,NULL,NULL,NULL),(75,95,9,0,NULL,NULL,NULL),(76,109,9,0,NULL,NULL,NULL),(77,157,9,0,NULL,NULL,NULL),(78,211,9,0,NULL,NULL,NULL),(79,223,9,0,NULL,NULL,NULL),(80,254,9,0,NULL,NULL,NULL),(81,295,9,0,NULL,NULL,NULL),(82,332,9,0,NULL,NULL,NULL),(83,385,9,0,NULL,NULL,NULL),(84,421,9,0,NULL,NULL,NULL),(85,8,9,0,NULL,NULL,NULL),(86,55,9,0,NULL,NULL,NULL),(87,101,9,0,NULL,NULL,NULL),(88,112,9,0,NULL,NULL,NULL),(89,155,9,0,NULL,NULL,NULL),(90,193,9,0,NULL,NULL,NULL),(91,224,9,0,NULL,NULL,NULL),(92,260,9,0,NULL,NULL,NULL),(93,302,9,0,NULL,NULL,NULL),(94,334,9,0,NULL,NULL,NULL),(95,392,9,0,NULL,NULL,NULL),(96,428,9,0,NULL,NULL,NULL),(97,32,9,31,NULL,NULL,NULL),(98,50,9,34,NULL,NULL,NULL),(99,97,9,31,NULL,NULL,NULL),(100,124,9,33,NULL,NULL,NULL),(101,149,9,33,NULL,NULL,NULL),(102,187,9,29,NULL,NULL,NULL),(103,225,9,32,NULL,NULL,NULL),(104,266,9,31,NULL,NULL,NULL),(105,309,9,31,NULL,NULL,NULL),(106,346,9,31,NULL,NULL,NULL),(107,395,9,31,NULL,NULL,NULL),(108,404,9,29,NULL,NULL,NULL),(109,36,9,108,NULL,NULL,NULL),(110,52,9,100,NULL,NULL,NULL),(111,103,9,109,NULL,NULL,NULL),(112,132,9,102,NULL,NULL,NULL),(113,174,9,118,NULL,NULL,NULL),(114,189,9,113,NULL,NULL,NULL),(115,226,9,106,NULL,NULL,NULL),(116,272,9,109,NULL,NULL,NULL),(117,316,9,127,NULL,NULL,NULL),(118,348,9,106,NULL,NULL,NULL),(119,390,9,109,NULL,NULL,NULL),(120,407,9,104,NULL,NULL,NULL),(121,12,9,0,NULL,NULL,NULL),(122,54,9,0,NULL,NULL,NULL),(123,105,9,0,NULL,NULL,NULL),(124,130,9,0,NULL,NULL,NULL),(125,176,9,0,NULL,NULL,NULL),(126,197,9,0,NULL,NULL,NULL),(127,227,9,0,NULL,NULL,NULL),(128,278,9,0,NULL,NULL,NULL),(129,323,9,0,NULL,NULL,NULL),(130,360,9,0,NULL,NULL,NULL),(131,372,9,0,NULL,NULL,NULL),(132,408,9,0,NULL,NULL,NULL),(133,16,9,10,NULL,NULL,NULL),(134,48,9,10,NULL,NULL,NULL),(135,74,9,10,NULL,NULL,NULL),(136,142,9,9,NULL,NULL,NULL),(137,175,9,10,NULL,NULL,NULL),(138,209,9,10,NULL,NULL,NULL),(139,228,9,9,NULL,NULL,NULL),(140,284,9,10,NULL,NULL,NULL),(141,290,9,11,NULL,NULL,NULL),(142,356,9,11,NULL,NULL,NULL),(143,365,9,8,NULL,NULL,NULL),(144,432,9,10,NULL,NULL,NULL),(145,13,9,72,NULL,NULL,NULL),(146,39,9,85,NULL,NULL,NULL),(147,75,9,69,NULL,NULL,NULL),(148,116,9,58,NULL,NULL,NULL),(149,169,9,70,NULL,NULL,NULL),(150,214,9,77,NULL,NULL,NULL),(151,229,9,77,NULL,NULL,NULL),(152,255,9,76,NULL,NULL,NULL),(153,297,9,67,NULL,NULL,NULL),(154,331,9,71,NULL,NULL,NULL),(155,363,9,82,NULL,NULL,NULL),(156,418,9,63,NULL,NULL,NULL),(157,7,9,0,NULL,NULL,NULL),(158,70,9,0,NULL,NULL,NULL),(159,80,9,0,NULL,NULL,NULL),(160,110,9,0,NULL,NULL,NULL),(161,146,9,0,NULL,NULL,NULL),(162,212,9,0,NULL,NULL,NULL),(163,230,9,0,NULL,NULL,NULL),(164,261,9,0,NULL,NULL,NULL),(165,304,9,0,NULL,NULL,NULL),(166,333,9,0,NULL,NULL,NULL),(167,373,9,0,NULL,NULL,NULL),(168,400,9,0,NULL,NULL,NULL),(169,31,9,13,NULL,NULL,NULL),(170,66,9,16,NULL,NULL,NULL),(171,73,9,14,NULL,NULL,NULL),(172,129,9,13,NULL,NULL,NULL),(173,160,9,14,NULL,NULL,NULL),(174,206,9,15,NULL,NULL,NULL),(175,231,9,16,NULL,NULL,NULL),(176,267,9,14,NULL,NULL,NULL),(177,311,9,15,NULL,NULL,NULL),(178,345,9,14,NULL,NULL,NULL),(179,379,9,15,NULL,NULL,NULL),(180,399,9,15,NULL,NULL,NULL),(181,35,9,207,NULL,NULL,NULL),(182,72,9,194,NULL,NULL,NULL),(183,91,9,176,NULL,NULL,NULL),(184,137,9,196,NULL,NULL,NULL),(185,173,9,205,NULL,NULL,NULL),(186,190,9,193,NULL,NULL,NULL),(187,232,9,191,NULL,NULL,NULL),(188,273,9,197,NULL,NULL,NULL),(189,318,9,208,NULL,NULL,NULL),(190,347,9,212,NULL,NULL,NULL),(191,393,9,200,NULL,NULL,NULL),(192,410,9,206,NULL,NULL,NULL),(193,29,9,227,NULL,NULL,NULL),(194,69,9,241,NULL,NULL,NULL),(195,107,9,294,NULL,NULL,NULL),(196,119,9,246,NULL,NULL,NULL),(197,156,9,286,NULL,NULL,NULL),(198,195,9,282,NULL,NULL,NULL),(199,233,9,202,NULL,NULL,NULL),(200,279,9,253,NULL,NULL,NULL),(201,319,9,272,NULL,NULL,NULL),(202,359,9,273,NULL,NULL,NULL),(203,394,9,273,NULL,NULL,NULL),(204,409,9,228,NULL,NULL,NULL),(205,23,9,0,NULL,NULL,NULL),(206,45,9,0,NULL,NULL,NULL),(207,108,9,0,NULL,NULL,NULL),(208,114,9,0,NULL,NULL,NULL),(209,150,9,0,NULL,NULL,NULL),(210,199,9,0,NULL,NULL,NULL),(211,234,9,0,NULL,NULL,NULL),(212,285,9,0,NULL,NULL,NULL),(213,291,9,0,NULL,NULL,NULL),(214,355,9,0,NULL,NULL,NULL),(215,384,9,0,NULL,NULL,NULL),(216,427,9,0,NULL,NULL,NULL),(217,5,9,23,NULL,NULL,NULL),(218,49,9,29,NULL,NULL,NULL),(219,84,9,28,NULL,NULL,NULL),(220,125,9,30,NULL,NULL,NULL),(221,179,9,31,NULL,NULL,NULL),(222,205,9,36,NULL,NULL,NULL),(223,235,9,30,NULL,NULL,NULL),(224,256,9,25,NULL,NULL,NULL),(225,298,9,26,NULL,NULL,NULL),(226,326,9,28,NULL,NULL,NULL),(227,378,9,26,NULL,NULL,NULL),(228,430,9,25,NULL,NULL,NULL),(229,3,9,30,NULL,NULL,NULL),(230,67,9,25,NULL,NULL,NULL),(231,76,9,28,NULL,NULL,NULL),(232,121,9,25,NULL,NULL,NULL),(233,171,9,28,NULL,NULL,NULL),(234,213,9,26,NULL,NULL,NULL),(235,236,9,28,NULL,NULL,NULL),(236,262,9,26,NULL,NULL,NULL),(237,305,9,33,NULL,NULL,NULL),(238,328,9,26,NULL,NULL,NULL),(239,364,9,26,NULL,NULL,NULL),(240,425,9,22,NULL,NULL,NULL),(241,33,9,129,NULL,NULL,NULL),(242,62,9,138,NULL,NULL,NULL),(243,88,9,120,NULL,NULL,NULL),(244,133,9,129,NULL,NULL,NULL),(245,159,9,126,NULL,NULL,NULL),(246,196,9,131,NULL,NULL,NULL),(247,237,9,134,NULL,NULL,NULL),(248,268,9,120,NULL,NULL,NULL),(249,312,9,113,NULL,NULL,NULL),(250,340,9,120,NULL,NULL,NULL),(251,368,9,114,NULL,NULL,NULL),(252,426,9,122,NULL,NULL,NULL),(253,26,9,377,NULL,NULL,NULL),(254,40,9,356,NULL,NULL,NULL),(255,83,9,416,NULL,NULL,NULL),(256,141,9,361,NULL,NULL,NULL),(257,154,9,381,NULL,NULL,NULL),(258,204,9,415,NULL,NULL,NULL),(259,238,9,339,NULL,NULL,NULL),(260,274,9,315,NULL,NULL,NULL),(261,313,9,368,NULL,NULL,NULL),(262,342,9,396,NULL,NULL,NULL),(263,386,9,397,NULL,NULL,NULL),(264,414,9,341,NULL,NULL,NULL),(265,25,9,5,NULL,NULL,NULL),(266,41,9,4,NULL,NULL,NULL),(267,79,9,4,NULL,NULL,NULL),(268,123,9,5,NULL,NULL,NULL),(269,148,9,4,NULL,NULL,NULL),(270,192,9,4,NULL,NULL,NULL),(271,239,9,5,NULL,NULL,NULL),(272,280,9,4,NULL,NULL,NULL),(273,320,9,4,NULL,NULL,NULL),(274,354,9,5,NULL,NULL,NULL),(275,389,9,4,NULL,NULL,NULL),(276,405,9,4,NULL,NULL,NULL),(277,9,9,15,NULL,NULL,NULL),(278,53,9,16,NULL,NULL,NULL),(279,85,9,18,NULL,NULL,NULL),(280,117,9,14,NULL,NULL,NULL),(281,158,9,17,NULL,NULL,NULL),(282,185,9,15,NULL,NULL,NULL),(283,240,9,18,NULL,NULL,NULL),(284,286,9,17,NULL,NULL,NULL),(285,301,9,16,NULL,NULL,NULL),(286,350,9,16,NULL,NULL,NULL),(287,371,9,16,NULL,NULL,NULL),(288,398,9,16,NULL,NULL,NULL),(289,2,9,16,NULL,NULL,NULL),(290,65,9,21,NULL,NULL,NULL),(291,98,9,18,NULL,NULL,NULL),(292,111,9,19,NULL,NULL,NULL),(293,145,9,19,NULL,NULL,NULL),(294,182,9,18,NULL,NULL,NULL),(295,241,9,19,NULL,NULL,NULL),(296,257,9,22,NULL,NULL,NULL),(297,308,9,15,NULL,NULL,NULL),(298,329,9,20,NULL,NULL,NULL),(299,369,9,19,NULL,NULL,NULL),(300,423,9,21,NULL,NULL,NULL),(301,11,9,0,NULL,NULL,NULL),(302,59,9,0,NULL,NULL,NULL),(303,99,9,0,NULL,NULL,NULL),(304,118,9,0,NULL,NULL,NULL),(305,170,9,0,NULL,NULL,NULL),(306,200,9,0,NULL,NULL,NULL),(307,242,9,0,NULL,NULL,NULL),(308,263,9,0,NULL,NULL,NULL),(309,315,9,0,NULL,NULL,NULL),(310,338,9,0,NULL,NULL,NULL),(311,374,9,0,NULL,NULL,NULL),(312,403,9,0,NULL,NULL,NULL),(313,30,9,8,NULL,NULL,NULL),(314,57,9,10,NULL,NULL,NULL),(315,106,9,7,NULL,NULL,NULL),(316,113,9,9,NULL,NULL,NULL),(317,178,9,9,NULL,NULL,NULL),(318,181,9,6,NULL,NULL,NULL),(319,243,9,5,NULL,NULL,NULL),(320,269,9,6,NULL,NULL,NULL),(321,322,9,7,NULL,NULL,NULL),(322,351,9,8,NULL,NULL,NULL),(323,380,9,10,NULL,NULL,NULL),(324,406,9,7,NULL,NULL,NULL),(325,24,9,64,NULL,NULL,NULL),(326,64,9,77,NULL,NULL,NULL),(327,87,9,56,NULL,NULL,NULL),(328,120,9,53,NULL,NULL,NULL),(329,172,9,75,NULL,NULL,NULL),(330,184,9,64,NULL,NULL,NULL),(331,244,9,73,NULL,NULL,NULL),(332,275,9,75,NULL,NULL,NULL),(333,293,9,83,NULL,NULL,NULL),(334,358,9,66,NULL,NULL,NULL),(335,383,9,72,NULL,NULL,NULL),(336,424,9,62,NULL,NULL,NULL),(337,21,9,28,NULL,NULL,NULL),(338,46,9,27,NULL,NULL,NULL),(339,77,9,23,NULL,NULL,NULL),(340,144,9,25,NULL,NULL,NULL),(341,166,9,27,NULL,NULL,NULL),(342,202,9,21,NULL,NULL,NULL),(343,245,9,24,NULL,NULL,NULL),(344,281,9,25,NULL,NULL,NULL),(345,300,9,29,NULL,NULL,NULL),(346,336,9,25,NULL,NULL,NULL),(347,377,9,25,NULL,NULL,NULL),(348,419,9,27,NULL,NULL,NULL),(349,20,9,0,NULL,NULL,NULL),(350,60,9,0,NULL,NULL,NULL),(351,90,9,0,NULL,NULL,NULL),(352,131,9,0,NULL,NULL,NULL),(353,168,9,0,NULL,NULL,NULL),(354,210,9,0,NULL,NULL,NULL),(355,246,9,0,NULL,NULL,NULL),(356,287,9,0,NULL,NULL,NULL),(357,306,9,0,NULL,NULL,NULL),(358,330,9,0,NULL,NULL,NULL),(359,370,9,0,NULL,NULL,NULL),(360,413,9,0,NULL,NULL,NULL),(361,14,9,0,NULL,NULL,NULL),(362,47,9,0,NULL,NULL,NULL),(363,102,9,0,NULL,NULL,NULL),(364,143,9,0,NULL,NULL,NULL),(365,153,9,0,NULL,NULL,NULL),(366,215,9,0,NULL,NULL,NULL),(367,247,9,0,NULL,NULL,NULL),(368,258,9,0,NULL,NULL,NULL),(369,307,9,0,NULL,NULL,NULL),(370,335,9,0,NULL,NULL,NULL),(371,375,9,0,NULL,NULL,NULL),(372,416,9,0,NULL,NULL,NULL),(373,27,9,0,NULL,NULL,NULL),(374,43,9,0,NULL,NULL,NULL),(375,93,9,0,NULL,NULL,NULL),(376,136,9,0,NULL,NULL,NULL),(377,164,9,0,NULL,NULL,NULL),(378,203,9,0,NULL,NULL,NULL),(379,248,9,0,NULL,NULL,NULL),(380,264,9,0,NULL,NULL,NULL),(381,314,9,0,NULL,NULL,NULL),(382,337,9,0,NULL,NULL,NULL),(383,387,9,0,NULL,NULL,NULL),(384,429,9,0,NULL,NULL,NULL),(385,17,9,0,NULL,NULL,NULL),(386,37,9,0,NULL,NULL,NULL),(387,86,9,0,NULL,NULL,NULL),(388,127,9,0,NULL,NULL,NULL),(389,152,9,0,NULL,NULL,NULL),(390,186,9,0,NULL,NULL,NULL),(391,249,9,0,NULL,NULL,NULL),(392,270,9,0,NULL,NULL,NULL),(393,321,9,0,NULL,NULL,NULL),(394,343,9,0,NULL,NULL,NULL),(395,388,9,0,NULL,NULL,NULL),(396,411,9,0,NULL,NULL,NULL),(397,4,9,375,NULL,NULL,NULL),(398,61,9,486,NULL,NULL,NULL),(399,89,9,472,NULL,NULL,NULL),(400,135,9,443,NULL,NULL,NULL),(401,177,9,428,NULL,NULL,NULL),(402,183,9,441,NULL,NULL,NULL),(403,250,9,323,NULL,NULL,NULL),(404,276,9,355,NULL,NULL,NULL),(405,292,9,412,NULL,NULL,NULL),(406,357,9,433,NULL,NULL,NULL),(407,376,9,465,NULL,NULL,NULL),(408,412,9,404,NULL,NULL,NULL),(409,22,9,29,NULL,NULL,NULL),(410,51,9,21,NULL,NULL,NULL),(411,92,9,20,NULL,NULL,NULL),(412,128,9,21,NULL,NULL,NULL),(413,167,9,19,NULL,NULL,NULL),(414,207,9,27,NULL,NULL,NULL),(415,251,9,27,NULL,NULL,NULL),(416,282,9,26,NULL,NULL,NULL),(417,299,9,23,NULL,NULL,NULL),(418,352,9,24,NULL,NULL,NULL),(419,381,9,21,NULL,NULL,NULL),(420,402,9,24,NULL,NULL,NULL),(421,10,9,35,NULL,NULL,NULL),(422,56,9,33,NULL,NULL,NULL),(423,100,9,33,NULL,NULL,NULL),(424,115,9,36,NULL,NULL,NULL),(425,162,9,33,NULL,NULL,NULL),(426,201,9,41,NULL,NULL,NULL),(427,252,9,38,NULL,NULL,NULL),(428,288,9,31,NULL,NULL,NULL),(429,294,9,38,NULL,NULL,NULL),(430,344,9,44,NULL,NULL,NULL),(431,382,9,37,NULL,NULL,NULL),(432,422,9,33,NULL,NULL,NULL),(512,15,10,0,NULL,NULL,NULL),(513,63,10,0,NULL,NULL,NULL),(514,104,10,0,NULL,NULL,NULL),(515,126,10,0,NULL,NULL,NULL),(516,180,10,0,NULL,NULL,NULL),(517,208,10,0,NULL,NULL,NULL),(518,217,10,0,NULL,NULL,NULL),(519,253,10,0,NULL,NULL,NULL),(520,289,10,0,NULL,NULL,NULL),(521,325,10,0,NULL,NULL,NULL),(522,361,10,0,NULL,NULL,NULL),(523,397,10,0,NULL,NULL,NULL),(524,18,10,17,NULL,NULL,NULL),(525,58,10,13,NULL,NULL,NULL),(526,82,10,17,NULL,NULL,NULL),(527,138,10,20,NULL,NULL,NULL),(528,161,10,15,NULL,NULL,NULL),(529,194,10,19,NULL,NULL,NULL),(530,218,10,16,NULL,NULL,NULL),(531,259,10,18,NULL,NULL,NULL),(532,296,10,15,NULL,NULL,NULL),(533,327,10,15,NULL,NULL,NULL),(534,391,10,15,NULL,NULL,NULL),(535,417,10,13,NULL,NULL,NULL),(536,6,10,23,NULL,NULL,NULL),(537,42,10,22,NULL,NULL,NULL),(538,78,10,23,NULL,NULL,NULL),(539,134,10,21,NULL,NULL,NULL),(540,151,10,24,NULL,NULL,NULL),(541,188,10,22,NULL,NULL,NULL),(542,219,10,25,NULL,NULL,NULL),(543,265,10,24,NULL,NULL,NULL),(544,303,10,22,NULL,NULL,NULL),(545,339,10,22,NULL,NULL,NULL),(546,396,10,22,NULL,NULL,NULL),(547,431,10,23,NULL,NULL,NULL),(548,28,10,0,NULL,NULL,NULL),(549,71,10,0,NULL,NULL,NULL),(550,81,10,0,NULL,NULL,NULL),(551,122,10,0,NULL,NULL,NULL),(552,147,10,0,NULL,NULL,NULL),(553,191,10,0,NULL,NULL,NULL),(554,220,10,0,NULL,NULL,NULL),(555,271,10,0,NULL,NULL,NULL),(556,310,10,0,NULL,NULL,NULL),(557,341,10,0,NULL,NULL,NULL),(558,366,10,0,NULL,NULL,NULL),(559,420,10,0,NULL,NULL,NULL),(560,34,10,0,NULL,NULL,NULL),(561,68,10,0,NULL,NULL,NULL),(562,96,10,0,NULL,NULL,NULL),(563,140,10,0,NULL,NULL,NULL),(564,165,10,0,NULL,NULL,NULL),(565,198,10,0,NULL,NULL,NULL),(566,221,10,0,NULL,NULL,NULL),(567,277,10,0,NULL,NULL,NULL),(568,317,10,0,NULL,NULL,NULL),(569,353,10,0,NULL,NULL,NULL),(570,362,10,0,NULL,NULL,NULL),(571,401,10,0,NULL,NULL,NULL),(572,19,10,0,NULL,NULL,NULL),(573,44,10,0,NULL,NULL,NULL),(574,94,10,0,NULL,NULL,NULL),(575,139,10,0,NULL,NULL,NULL),(576,163,10,0,NULL,NULL,NULL),(577,216,10,0,NULL,NULL,NULL),(578,222,10,0,NULL,NULL,NULL),(579,283,10,0,NULL,NULL,NULL),(580,324,10,0,NULL,NULL,NULL),(581,349,10,0,NULL,NULL,NULL),(582,367,10,0,NULL,NULL,NULL),(583,415,10,0,NULL,NULL,NULL),(584,1,10,0,NULL,NULL,NULL),(585,38,10,0,NULL,NULL,NULL),(586,95,10,0,NULL,NULL,NULL),(587,109,10,0,NULL,NULL,NULL),(588,157,10,0,NULL,NULL,NULL),(589,211,10,0,NULL,NULL,NULL),(590,223,10,0,NULL,NULL,NULL),(591,254,10,0,NULL,NULL,NULL),(592,295,10,0,NULL,NULL,NULL),(593,332,10,0,NULL,NULL,NULL),(594,385,10,0,NULL,NULL,NULL),(595,421,10,0,NULL,NULL,NULL),(596,8,10,0,NULL,NULL,NULL),(597,55,10,0,NULL,NULL,NULL),(598,101,10,0,NULL,NULL,NULL),(599,112,10,0,NULL,NULL,NULL),(600,155,10,0,NULL,NULL,NULL),(601,193,10,0,NULL,NULL,NULL),(602,224,10,0,NULL,NULL,NULL),(603,260,10,0,NULL,NULL,NULL),(604,302,10,0,NULL,NULL,NULL),(605,334,10,0,NULL,NULL,NULL),(606,392,10,0,NULL,NULL,NULL),(607,428,10,0,NULL,NULL,NULL),(608,32,10,17,NULL,NULL,NULL),(609,50,10,16,NULL,NULL,NULL),(610,97,10,15,NULL,NULL,NULL),(611,124,10,15,NULL,NULL,NULL),(612,149,10,15,NULL,NULL,NULL),(613,187,10,17,NULL,NULL,NULL),(614,225,10,15,NULL,NULL,NULL),(615,266,10,15,NULL,NULL,NULL),(616,309,10,16,NULL,NULL,NULL),(617,346,10,14,NULL,NULL,NULL),(618,395,10,16,NULL,NULL,NULL),(619,404,10,16,NULL,NULL,NULL),(620,36,10,35,NULL,NULL,NULL),(621,52,10,32,NULL,NULL,NULL),(622,103,10,33,NULL,NULL,NULL),(623,132,10,35,NULL,NULL,NULL),(624,174,10,34,NULL,NULL,NULL),(625,189,10,36,NULL,NULL,NULL),(626,226,10,34,NULL,NULL,NULL),(627,272,10,33,NULL,NULL,NULL),(628,316,10,37,NULL,NULL,NULL),(629,348,10,33,NULL,NULL,NULL),(630,390,10,29,NULL,NULL,NULL),(631,407,10,36,NULL,NULL,NULL),(632,12,10,0,NULL,NULL,NULL),(633,54,10,0,NULL,NULL,NULL),(634,105,10,0,NULL,NULL,NULL),(635,130,10,0,NULL,NULL,NULL),(636,176,10,0,NULL,NULL,NULL),(637,197,10,0,NULL,NULL,NULL),(638,227,10,0,NULL,NULL,NULL),(639,278,10,0,NULL,NULL,NULL),(640,323,10,0,NULL,NULL,NULL),(641,360,10,0,NULL,NULL,NULL),(642,372,10,0,NULL,NULL,NULL),(643,408,10,0,NULL,NULL,NULL),(644,16,10,13,NULL,NULL,NULL),(645,48,10,11,NULL,NULL,NULL),(646,74,10,13,NULL,NULL,NULL),(647,142,10,12,NULL,NULL,NULL),(648,175,10,11,NULL,NULL,NULL),(649,209,10,12,NULL,NULL,NULL),(650,228,10,11,NULL,NULL,NULL),(651,284,10,13,NULL,NULL,NULL),(652,290,10,11,NULL,NULL,NULL),(653,356,10,11,NULL,NULL,NULL),(654,365,10,13,NULL,NULL,NULL),(655,432,10,12,NULL,NULL,NULL),(656,13,10,33,NULL,NULL,NULL),(657,39,10,31,NULL,NULL,NULL),(658,75,10,27,NULL,NULL,NULL),(659,116,10,28,NULL,NULL,NULL),(660,169,10,28,NULL,NULL,NULL),(661,214,10,24,NULL,NULL,NULL),(662,229,10,32,NULL,NULL,NULL),(663,255,10,29,NULL,NULL,NULL),(664,297,10,28,NULL,NULL,NULL),(665,331,10,26,NULL,NULL,NULL),(666,363,10,27,NULL,NULL,NULL),(667,418,10,25,NULL,NULL,NULL),(668,7,10,0,NULL,NULL,NULL),(669,70,10,0,NULL,NULL,NULL),(670,80,10,0,NULL,NULL,NULL),(671,110,10,0,NULL,NULL,NULL),(672,146,10,0,NULL,NULL,NULL),(673,212,10,0,NULL,NULL,NULL),(674,230,10,0,NULL,NULL,NULL),(675,261,10,0,NULL,NULL,NULL),(676,304,10,0,NULL,NULL,NULL),(677,333,10,0,NULL,NULL,NULL),(678,373,10,0,NULL,NULL,NULL),(679,400,10,0,NULL,NULL,NULL),(680,31,10,13,NULL,NULL,NULL),(681,66,10,15,NULL,NULL,NULL),(682,73,10,14,NULL,NULL,NULL),(683,129,10,14,NULL,NULL,NULL),(684,160,10,16,NULL,NULL,NULL),(685,206,10,13,NULL,NULL,NULL),(686,231,10,14,NULL,NULL,NULL),(687,267,10,14,NULL,NULL,NULL),(688,311,10,14,NULL,NULL,NULL),(689,345,10,15,NULL,NULL,NULL),(690,379,10,13,NULL,NULL,NULL),(691,399,10,12,NULL,NULL,NULL),(692,35,10,42,NULL,NULL,NULL),(693,72,10,49,NULL,NULL,NULL),(694,91,10,44,NULL,NULL,NULL),(695,137,10,52,NULL,NULL,NULL),(696,173,10,49,NULL,NULL,NULL),(697,190,10,49,NULL,NULL,NULL),(698,232,10,43,NULL,NULL,NULL),(699,273,10,52,NULL,NULL,NULL),(700,318,10,49,NULL,NULL,NULL),(701,347,10,48,NULL,NULL,NULL),(702,393,10,51,NULL,NULL,NULL),(703,410,10,45,NULL,NULL,NULL),(704,29,10,79,NULL,NULL,NULL),(705,69,10,73,NULL,NULL,NULL),(706,107,10,83,NULL,NULL,NULL),(707,119,10,85,NULL,NULL,NULL),(708,156,10,70,NULL,NULL,NULL),(709,195,10,88,NULL,NULL,NULL),(710,233,10,73,NULL,NULL,NULL),(711,279,10,96,NULL,NULL,NULL),(712,319,10,87,NULL,NULL,NULL),(713,359,10,90,NULL,NULL,NULL),(714,394,10,81,NULL,NULL,NULL),(715,409,10,71,NULL,NULL,NULL),(716,23,10,0,NULL,NULL,NULL),(717,45,10,0,NULL,NULL,NULL),(718,108,10,0,NULL,NULL,NULL),(719,114,10,0,NULL,NULL,NULL),(720,150,10,0,NULL,NULL,NULL),(721,199,10,0,NULL,NULL,NULL),(722,234,10,0,NULL,NULL,NULL),(723,285,10,0,NULL,NULL,NULL),(724,291,10,0,NULL,NULL,NULL),(725,355,10,0,NULL,NULL,NULL),(726,384,10,0,NULL,NULL,NULL),(727,427,10,0,NULL,NULL,NULL),(728,5,10,9,NULL,NULL,NULL),(729,49,10,9,NULL,NULL,NULL),(730,84,10,8,NULL,NULL,NULL),(731,125,10,10,NULL,NULL,NULL),(732,179,10,7,NULL,NULL,NULL),(733,205,10,8,NULL,NULL,NULL),(734,235,10,9,NULL,NULL,NULL),(735,256,10,6,NULL,NULL,NULL),(736,298,10,9,NULL,NULL,NULL),(737,326,10,8,NULL,NULL,NULL),(738,378,10,7,NULL,NULL,NULL),(739,430,10,6,NULL,NULL,NULL),(740,3,10,26,NULL,NULL,NULL),(741,67,10,33,NULL,NULL,NULL),(742,76,10,32,NULL,NULL,NULL),(743,121,10,30,NULL,NULL,NULL),(744,171,10,30,NULL,NULL,NULL),(745,213,10,26,NULL,NULL,NULL),(746,236,10,31,NULL,NULL,NULL),(747,262,10,27,NULL,NULL,NULL),(748,305,10,29,NULL,NULL,NULL),(749,328,10,31,NULL,NULL,NULL),(750,364,10,28,NULL,NULL,NULL),(751,425,10,38,NULL,NULL,NULL),(752,33,10,26,NULL,NULL,NULL),(753,62,10,30,NULL,NULL,NULL),(754,88,10,23,NULL,NULL,NULL),(755,133,10,23,NULL,NULL,NULL),(756,159,10,28,NULL,NULL,NULL),(757,196,10,25,NULL,NULL,NULL),(758,237,10,27,NULL,NULL,NULL),(759,268,10,27,NULL,NULL,NULL),(760,312,10,30,NULL,NULL,NULL),(761,340,10,30,NULL,NULL,NULL),(762,368,10,28,NULL,NULL,NULL),(763,426,10,26,NULL,NULL,NULL),(764,26,10,27,NULL,NULL,NULL),(765,40,10,27,NULL,NULL,NULL),(766,83,10,27,NULL,NULL,NULL),(767,141,10,26,NULL,NULL,NULL),(768,154,10,25,NULL,NULL,NULL),(769,204,10,26,NULL,NULL,NULL),(770,238,10,31,NULL,NULL,NULL),(771,274,10,25,NULL,NULL,NULL),(772,313,10,25,NULL,NULL,NULL),(773,342,10,28,NULL,NULL,NULL),(774,386,10,32,NULL,NULL,NULL),(775,414,10,25,NULL,NULL,NULL),(776,25,10,4,NULL,NULL,NULL),(777,41,10,3,NULL,NULL,NULL),(778,79,10,4,NULL,NULL,NULL),(779,123,10,3,NULL,NULL,NULL),(780,148,10,3,NULL,NULL,NULL),(781,192,10,4,NULL,NULL,NULL),(782,239,10,4,NULL,NULL,NULL),(783,280,10,4,NULL,NULL,NULL),(784,320,10,3,NULL,NULL,NULL),(785,354,10,4,NULL,NULL,NULL),(786,389,10,3,NULL,NULL,NULL),(787,405,10,3,NULL,NULL,NULL),(788,9,10,34,NULL,NULL,NULL),(789,53,10,34,NULL,NULL,NULL),(790,85,10,34,NULL,NULL,NULL),(791,117,10,35,NULL,NULL,NULL),(792,158,10,35,NULL,NULL,NULL),(793,185,10,35,NULL,NULL,NULL),(794,240,10,35,NULL,NULL,NULL),(795,286,10,35,NULL,NULL,NULL),(796,301,10,34,NULL,NULL,NULL),(797,350,10,35,NULL,NULL,NULL),(798,371,10,36,NULL,NULL,NULL),(799,398,10,37,NULL,NULL,NULL),(800,2,10,6,NULL,NULL,NULL),(801,65,10,6,NULL,NULL,NULL),(802,98,10,7,NULL,NULL,NULL),(803,111,10,7,NULL,NULL,NULL),(804,145,10,6,NULL,NULL,NULL),(805,182,10,6,NULL,NULL,NULL),(806,241,10,6,NULL,NULL,NULL),(807,257,10,5,NULL,NULL,NULL),(808,308,10,6,NULL,NULL,NULL),(809,329,10,6,NULL,NULL,NULL),(810,369,10,5,NULL,NULL,NULL),(811,423,10,5,NULL,NULL,NULL),(812,11,10,0,NULL,NULL,NULL),(813,59,10,0,NULL,NULL,NULL),(814,99,10,0,NULL,NULL,NULL),(815,118,10,0,NULL,NULL,NULL),(816,170,10,0,NULL,NULL,NULL),(817,200,10,0,NULL,NULL,NULL),(818,242,10,0,NULL,NULL,NULL),(819,263,10,0,NULL,NULL,NULL),(820,315,10,0,NULL,NULL,NULL),(821,338,10,0,NULL,NULL,NULL),(822,374,10,0,NULL,NULL,NULL),(823,403,10,0,NULL,NULL,NULL),(824,30,10,14,NULL,NULL,NULL),(825,57,10,15,NULL,NULL,NULL),(826,106,10,13,NULL,NULL,NULL),(827,113,10,13,NULL,NULL,NULL),(828,178,10,14,NULL,NULL,NULL),(829,181,10,18,NULL,NULL,NULL),(830,243,10,16,NULL,NULL,NULL),(831,269,10,17,NULL,NULL,NULL),(832,322,10,18,NULL,NULL,NULL),(833,351,10,17,NULL,NULL,NULL),(834,380,10,14,NULL,NULL,NULL),(835,406,10,16,NULL,NULL,NULL),(836,24,10,26,NULL,NULL,NULL),(837,64,10,31,NULL,NULL,NULL),(838,87,10,31,NULL,NULL,NULL),(839,120,10,29,NULL,NULL,NULL),(840,172,10,26,NULL,NULL,NULL),(841,184,10,24,NULL,NULL,NULL),(842,244,10,31,NULL,NULL,NULL),(843,275,10,25,NULL,NULL,NULL),(844,293,10,28,NULL,NULL,NULL),(845,358,10,30,NULL,NULL,NULL),(846,383,10,25,NULL,NULL,NULL),(847,424,10,30,NULL,NULL,NULL),(848,21,10,23,NULL,NULL,NULL),(849,46,10,24,NULL,NULL,NULL),(850,77,10,20,NULL,NULL,NULL),(851,144,10,21,NULL,NULL,NULL),(852,166,10,25,NULL,NULL,NULL),(853,202,10,20,NULL,NULL,NULL),(854,245,10,18,NULL,NULL,NULL),(855,281,10,19,NULL,NULL,NULL),(856,300,10,22,NULL,NULL,NULL),(857,336,10,21,NULL,NULL,NULL),(858,377,10,19,NULL,NULL,NULL),(859,419,10,20,NULL,NULL,NULL),(860,20,10,0,NULL,NULL,NULL),(861,60,10,0,NULL,NULL,NULL),(862,90,10,0,NULL,NULL,NULL),(863,131,10,0,NULL,NULL,NULL),(864,168,10,0,NULL,NULL,NULL),(865,210,10,0,NULL,NULL,NULL),(866,246,10,0,NULL,NULL,NULL),(867,287,10,0,NULL,NULL,NULL),(868,306,10,0,NULL,NULL,NULL),(869,330,10,0,NULL,NULL,NULL),(870,370,10,0,NULL,NULL,NULL),(871,413,10,0,NULL,NULL,NULL),(872,14,10,0,NULL,NULL,NULL),(873,47,10,0,NULL,NULL,NULL),(874,102,10,0,NULL,NULL,NULL),(875,143,10,0,NULL,NULL,NULL),(876,153,10,0,NULL,NULL,NULL),(877,215,10,0,NULL,NULL,NULL),(878,247,10,0,NULL,NULL,NULL),(879,258,10,0,NULL,NULL,NULL),(880,307,10,0,NULL,NULL,NULL),(881,335,10,0,NULL,NULL,NULL),(882,375,10,0,NULL,NULL,NULL),(883,416,10,0,NULL,NULL,NULL),(884,27,10,0,NULL,NULL,NULL),(885,43,10,0,NULL,NULL,NULL),(886,93,10,0,NULL,NULL,NULL),(887,136,10,0,NULL,NULL,NULL),(888,164,10,0,NULL,NULL,NULL),(889,203,10,0,NULL,NULL,NULL),(890,248,10,0,NULL,NULL,NULL),(891,264,10,0,NULL,NULL,NULL),(892,314,10,0,NULL,NULL,NULL),(893,337,10,0,NULL,NULL,NULL),(894,387,10,0,NULL,NULL,NULL),(895,429,10,0,NULL,NULL,NULL),(896,17,10,0,NULL,NULL,NULL),(897,37,10,0,NULL,NULL,NULL),(898,86,10,0,NULL,NULL,NULL),(899,127,10,0,NULL,NULL,NULL),(900,152,10,0,NULL,NULL,NULL),(901,186,10,0,NULL,NULL,NULL),(902,249,10,0,NULL,NULL,NULL),(903,270,10,0,NULL,NULL,NULL),(904,321,10,0,NULL,NULL,NULL),(905,343,10,0,NULL,NULL,NULL),(906,388,10,0,NULL,NULL,NULL),(907,411,10,0,NULL,NULL,NULL),(908,4,10,11,NULL,NULL,NULL),(909,61,10,14,NULL,NULL,NULL),(910,89,10,14,NULL,NULL,NULL),(911,135,10,12,NULL,NULL,NULL),(912,177,10,13,NULL,NULL,NULL),(913,183,10,11,NULL,NULL,NULL),(914,250,10,13,NULL,NULL,NULL),(915,276,10,13,NULL,NULL,NULL),(916,292,10,10,NULL,NULL,NULL),(917,357,10,13,NULL,NULL,NULL),(918,376,10,10,NULL,NULL,NULL),(919,412,10,13,NULL,NULL,NULL),(920,22,10,46,NULL,NULL,NULL),(921,51,10,47,NULL,NULL,NULL),(922,92,10,46,NULL,NULL,NULL),(923,128,10,51,NULL,NULL,NULL),(924,167,10,41,NULL,NULL,NULL),(925,207,10,53,NULL,NULL,NULL),(926,251,10,41,NULL,NULL,NULL),(927,282,10,43,NULL,NULL,NULL),(928,299,10,43,NULL,NULL,NULL),(929,352,10,47,NULL,NULL,NULL),(930,381,10,60,NULL,NULL,NULL),(931,402,10,48,NULL,NULL,NULL),(932,10,10,17,NULL,NULL,NULL),(933,56,10,13,NULL,NULL,NULL),(934,100,10,15,NULL,NULL,NULL),(935,115,10,14,NULL,NULL,NULL),(936,162,10,21,NULL,NULL,NULL),(937,201,10,13,NULL,NULL,NULL),(938,252,10,15,NULL,NULL,NULL),(939,288,10,14,NULL,NULL,NULL),(940,294,10,14,NULL,NULL,NULL),(941,344,10,14,NULL,NULL,NULL),(942,382,10,13,NULL,NULL,NULL),(943,422,10,17,NULL,NULL,NULL),(1023,15,8,28,NULL,NULL,NULL),(1024,63,8,37,NULL,NULL,NULL),(1025,104,8,34,NULL,NULL,NULL),(1026,126,8,27,NULL,NULL,NULL),(1027,180,8,28,NULL,NULL,NULL),(1028,208,8,35,NULL,NULL,NULL),(1029,217,8,36,NULL,NULL,NULL),(1030,253,8,32,NULL,NULL,NULL),(1031,289,8,26,NULL,NULL,NULL),(1032,325,8,43,NULL,NULL,NULL),(1033,361,8,24,NULL,NULL,NULL),(1034,397,8,34,NULL,NULL,NULL),(1035,18,8,56,NULL,NULL,NULL),(1036,58,8,55,NULL,NULL,NULL),(1037,82,8,53,NULL,NULL,NULL),(1038,138,8,55,NULL,NULL,NULL),(1039,161,8,56,NULL,NULL,NULL),(1040,194,8,42,NULL,NULL,NULL),(1041,218,8,56,NULL,NULL,NULL),(1042,259,8,44,NULL,NULL,NULL),(1043,296,8,56,NULL,NULL,NULL),(1044,327,8,56,NULL,NULL,NULL),(1045,391,8,44,NULL,NULL,NULL),(1046,417,8,46,NULL,NULL,NULL),(1047,6,8,35,NULL,NULL,NULL),(1048,42,8,34,NULL,NULL,NULL),(1049,78,8,37,NULL,NULL,NULL),(1050,134,8,36,NULL,NULL,NULL),(1051,151,8,37,NULL,NULL,NULL),(1052,188,8,38,NULL,NULL,NULL),(1053,219,8,34,NULL,NULL,NULL),(1054,265,8,39,NULL,NULL,NULL),(1055,303,8,37,NULL,NULL,NULL),(1056,339,8,41,NULL,NULL,NULL),(1057,396,8,32,NULL,NULL,NULL),(1058,431,8,39,NULL,NULL,NULL),(1059,28,8,30,NULL,NULL,NULL),(1060,71,8,23,NULL,NULL,NULL),(1061,81,8,30,NULL,NULL,NULL),(1062,122,8,22,NULL,NULL,NULL),(1063,147,8,26,NULL,NULL,NULL),(1064,191,8,25,NULL,NULL,NULL),(1065,220,8,27,NULL,NULL,NULL),(1066,271,8,28,NULL,NULL,NULL),(1067,310,8,30,NULL,NULL,NULL),(1068,341,8,28,NULL,NULL,NULL),(1069,366,8,22,NULL,NULL,NULL),(1070,420,8,27,NULL,NULL,NULL),(1071,34,8,158,NULL,NULL,NULL),(1072,68,8,145,NULL,NULL,NULL),(1073,96,8,155,NULL,NULL,NULL),(1074,140,8,156,NULL,NULL,NULL),(1075,165,8,152,NULL,NULL,NULL),(1076,198,8,150,NULL,NULL,NULL),(1077,221,8,144,NULL,NULL,NULL),(1078,277,8,147,NULL,NULL,NULL),(1079,317,8,143,NULL,NULL,NULL),(1080,353,8,153,NULL,NULL,NULL),(1081,362,8,158,NULL,NULL,NULL),(1082,401,8,156,NULL,NULL,NULL),(1083,19,8,0,NULL,NULL,NULL),(1084,44,8,0,NULL,NULL,NULL),(1085,94,8,0,NULL,NULL,NULL),(1086,139,8,0,NULL,NULL,NULL),(1087,163,8,0,NULL,NULL,NULL),(1088,216,8,0,NULL,NULL,NULL),(1089,222,8,0,NULL,NULL,NULL),(1090,283,8,0,NULL,NULL,NULL),(1091,324,8,0,NULL,NULL,NULL),(1092,349,8,0,NULL,NULL,NULL),(1093,367,8,0,NULL,NULL,NULL),(1094,415,8,0,NULL,NULL,NULL),(1095,1,8,245,NULL,NULL,NULL),(1096,38,8,214,NULL,NULL,NULL),(1097,95,8,245,NULL,NULL,NULL),(1098,109,8,264,NULL,NULL,NULL),(1099,157,8,214,NULL,NULL,NULL),(1100,211,8,191,NULL,NULL,NULL),(1101,223,8,215,NULL,NULL,NULL),(1102,254,8,204,NULL,NULL,NULL),(1103,295,8,223,NULL,NULL,NULL),(1104,332,8,195,NULL,NULL,NULL),(1105,385,8,215,NULL,NULL,NULL),(1106,421,8,200,NULL,NULL,NULL),(1107,8,8,34,NULL,NULL,NULL),(1108,55,8,27,NULL,NULL,NULL),(1109,101,8,42,NULL,NULL,NULL),(1110,112,8,31,NULL,NULL,NULL),(1111,155,8,57,NULL,NULL,NULL),(1112,193,8,42,NULL,NULL,NULL),(1113,224,8,30,NULL,NULL,NULL),(1114,260,8,30,NULL,NULL,NULL),(1115,302,8,37,NULL,NULL,NULL),(1116,334,8,40,NULL,NULL,NULL),(1117,392,8,44,NULL,NULL,NULL),(1118,428,8,35,NULL,NULL,NULL),(1119,32,8,133,NULL,NULL,NULL),(1120,50,8,139,NULL,NULL,NULL),(1121,97,8,148,NULL,NULL,NULL),(1122,124,8,144,NULL,NULL,NULL),(1123,149,8,152,NULL,NULL,NULL),(1124,187,8,138,NULL,NULL,NULL),(1125,225,8,156,NULL,NULL,NULL),(1126,266,8,149,NULL,NULL,NULL),(1127,309,8,136,NULL,NULL,NULL),(1128,346,8,139,NULL,NULL,NULL),(1129,395,8,152,NULL,NULL,NULL),(1130,404,8,145,NULL,NULL,NULL),(1131,36,8,138,NULL,NULL,NULL),(1132,52,8,128,NULL,NULL,NULL),(1133,103,8,133,NULL,NULL,NULL),(1134,132,8,119,NULL,NULL,NULL),(1135,174,8,137,NULL,NULL,NULL),(1136,189,8,132,NULL,NULL,NULL),(1137,226,8,127,NULL,NULL,NULL),(1138,272,8,132,NULL,NULL,NULL),(1139,316,8,139,NULL,NULL,NULL),(1140,348,8,127,NULL,NULL,NULL),(1141,390,8,134,NULL,NULL,NULL),(1142,407,8,123,NULL,NULL,NULL),(1143,12,8,163,NULL,NULL,NULL),(1144,54,8,148,NULL,NULL,NULL),(1145,105,8,168,NULL,NULL,NULL),(1146,130,8,166,NULL,NULL,NULL),(1147,176,8,156,NULL,NULL,NULL),(1148,197,8,171,NULL,NULL,NULL),(1149,227,8,179,NULL,NULL,NULL),(1150,278,8,172,NULL,NULL,NULL),(1151,323,8,161,NULL,NULL,NULL),(1152,360,8,153,NULL,NULL,NULL),(1153,372,8,165,NULL,NULL,NULL),(1154,408,8,175,NULL,NULL,NULL),(1155,16,8,74,NULL,NULL,NULL),(1156,48,8,70,NULL,NULL,NULL),(1157,74,8,74,NULL,NULL,NULL),(1158,142,8,79,NULL,NULL,NULL),(1159,175,8,69,NULL,NULL,NULL),(1160,209,8,81,NULL,NULL,NULL),(1161,228,8,67,NULL,NULL,NULL),(1162,284,8,71,NULL,NULL,NULL),(1163,290,8,74,NULL,NULL,NULL),(1164,356,8,80,NULL,NULL,NULL),(1165,365,8,72,NULL,NULL,NULL),(1166,432,8,65,NULL,NULL,NULL),(1167,13,8,22,NULL,NULL,NULL),(1168,39,8,26,NULL,NULL,NULL),(1169,75,8,26,NULL,NULL,NULL),(1170,116,8,28,NULL,NULL,NULL),(1171,169,8,24,NULL,NULL,NULL),(1172,214,8,30,NULL,NULL,NULL),(1173,229,8,28,NULL,NULL,NULL),(1174,255,8,28,NULL,NULL,NULL),(1175,297,8,24,NULL,NULL,NULL),(1176,331,8,23,NULL,NULL,NULL),(1177,363,8,29,NULL,NULL,NULL),(1178,418,8,25,NULL,NULL,NULL),(1179,7,8,37,NULL,NULL,NULL),(1180,70,8,39,NULL,NULL,NULL),(1181,80,8,46,NULL,NULL,NULL),(1182,110,8,44,NULL,NULL,NULL),(1183,146,8,38,NULL,NULL,NULL),(1184,212,8,38,NULL,NULL,NULL),(1185,230,8,51,NULL,NULL,NULL),(1186,261,8,51,NULL,NULL,NULL),(1187,304,8,41,NULL,NULL,NULL),(1188,333,8,42,NULL,NULL,NULL),(1189,373,8,39,NULL,NULL,NULL),(1190,400,8,52,NULL,NULL,NULL),(1191,31,8,63,NULL,NULL,NULL),(1192,66,8,61,NULL,NULL,NULL),(1193,73,8,58,NULL,NULL,NULL),(1194,129,8,68,NULL,NULL,NULL),(1195,160,8,60,NULL,NULL,NULL),(1196,206,8,50,NULL,NULL,NULL),(1197,231,8,51,NULL,NULL,NULL),(1198,267,8,61,NULL,NULL,NULL),(1199,311,8,42,NULL,NULL,NULL),(1200,345,8,71,NULL,NULL,NULL),(1201,379,8,64,NULL,NULL,NULL),(1202,399,8,56,NULL,NULL,NULL),(1203,35,8,0,NULL,NULL,NULL),(1204,72,8,0,NULL,NULL,NULL),(1205,91,8,0,NULL,NULL,NULL),(1206,137,8,0,NULL,NULL,NULL),(1207,173,8,0,NULL,NULL,NULL),(1208,190,8,0,NULL,NULL,NULL),(1209,232,8,0,NULL,NULL,NULL),(1210,273,8,0,NULL,NULL,NULL),(1211,318,8,0,NULL,NULL,NULL),(1212,347,8,0,NULL,NULL,NULL),(1213,393,8,0,NULL,NULL,NULL),(1214,410,8,0,NULL,NULL,NULL),(1215,29,8,0,NULL,NULL,NULL),(1216,69,8,0,NULL,NULL,NULL),(1217,107,8,0,NULL,NULL,NULL),(1218,119,8,0,NULL,NULL,NULL),(1219,156,8,0,NULL,NULL,NULL),(1220,195,8,0,NULL,NULL,NULL),(1221,233,8,0,NULL,NULL,NULL),(1222,279,8,0,NULL,NULL,NULL),(1223,319,8,0,NULL,NULL,NULL),(1224,359,8,0,NULL,NULL,NULL),(1225,394,8,0,NULL,NULL,NULL),(1226,409,8,0,NULL,NULL,NULL),(1227,23,8,100,NULL,NULL,NULL),(1228,45,8,96,NULL,NULL,NULL),(1229,108,8,95,NULL,NULL,NULL),(1230,114,8,100,NULL,NULL,NULL),(1231,150,8,116,NULL,NULL,NULL),(1232,199,8,99,NULL,NULL,NULL),(1233,234,8,111,NULL,NULL,NULL),(1234,285,8,82,NULL,NULL,NULL),(1235,291,8,94,NULL,NULL,NULL),(1236,355,8,82,NULL,NULL,NULL),(1237,384,8,83,NULL,NULL,NULL),(1238,427,8,95,NULL,NULL,NULL),(1239,5,8,33,NULL,NULL,NULL),(1240,49,8,36,NULL,NULL,NULL),(1241,84,8,32,NULL,NULL,NULL),(1242,125,8,23,NULL,NULL,NULL),(1243,179,8,34,NULL,NULL,NULL),(1244,205,8,38,NULL,NULL,NULL),(1245,235,8,34,NULL,NULL,NULL),(1246,256,8,27,NULL,NULL,NULL),(1247,298,8,30,NULL,NULL,NULL),(1248,326,8,30,NULL,NULL,NULL),(1249,378,8,32,NULL,NULL,NULL),(1250,430,8,27,NULL,NULL,NULL),(1251,3,8,109,NULL,NULL,NULL),(1252,67,8,116,NULL,NULL,NULL),(1253,76,8,119,NULL,NULL,NULL),(1254,121,8,125,NULL,NULL,NULL),(1255,171,8,96,NULL,NULL,NULL),(1256,213,8,100,NULL,NULL,NULL),(1257,236,8,112,NULL,NULL,NULL),(1258,262,8,120,NULL,NULL,NULL),(1259,305,8,107,NULL,NULL,NULL),(1260,328,8,112,NULL,NULL,NULL),(1261,364,8,120,NULL,NULL,NULL),(1262,425,8,112,NULL,NULL,NULL),(1263,33,8,107,NULL,NULL,NULL),(1264,62,8,94,NULL,NULL,NULL),(1265,88,8,97,NULL,NULL,NULL),(1266,133,8,97,NULL,NULL,NULL),(1267,159,8,91,NULL,NULL,NULL),(1268,196,8,94,NULL,NULL,NULL),(1269,237,8,99,NULL,NULL,NULL),(1270,268,8,93,NULL,NULL,NULL),(1271,312,8,98,NULL,NULL,NULL),(1272,340,8,103,NULL,NULL,NULL),(1273,368,8,103,NULL,NULL,NULL),(1274,426,8,104,NULL,NULL,NULL),(1275,26,8,0,NULL,NULL,NULL),(1276,40,8,0,NULL,NULL,NULL),(1277,83,8,0,NULL,NULL,NULL),(1278,141,8,0,NULL,NULL,NULL),(1279,154,8,0,NULL,NULL,NULL),(1280,204,8,0,NULL,NULL,NULL),(1281,238,8,0,NULL,NULL,NULL),(1282,274,8,0,NULL,NULL,NULL),(1283,313,8,0,NULL,NULL,NULL),(1284,342,8,0,NULL,NULL,NULL),(1285,386,8,0,NULL,NULL,NULL),(1286,414,8,0,NULL,NULL,NULL),(1287,25,8,56,NULL,NULL,NULL),(1288,41,8,67,NULL,NULL,NULL),(1289,79,8,71,NULL,NULL,NULL),(1290,123,8,78,NULL,NULL,NULL),(1291,148,8,65,NULL,NULL,NULL),(1292,192,8,56,NULL,NULL,NULL),(1293,239,8,68,NULL,NULL,NULL),(1294,280,8,77,NULL,NULL,NULL),(1295,320,8,77,NULL,NULL,NULL),(1296,354,8,50,NULL,NULL,NULL),(1297,389,8,71,NULL,NULL,NULL),(1298,405,8,55,NULL,NULL,NULL),(1299,9,8,77,NULL,NULL,NULL),(1300,53,8,76,NULL,NULL,NULL),(1301,85,8,73,NULL,NULL,NULL),(1302,117,8,76,NULL,NULL,NULL),(1303,158,8,77,NULL,NULL,NULL),(1304,185,8,80,NULL,NULL,NULL),(1305,240,8,73,NULL,NULL,NULL),(1306,286,8,71,NULL,NULL,NULL),(1307,301,8,78,NULL,NULL,NULL),(1308,350,8,88,NULL,NULL,NULL),(1309,371,8,73,NULL,NULL,NULL),(1310,398,8,82,NULL,NULL,NULL),(1311,2,8,102,NULL,NULL,NULL),(1312,65,8,84,NULL,NULL,NULL),(1313,98,8,75,NULL,NULL,NULL),(1314,111,8,79,NULL,NULL,NULL),(1315,145,8,72,NULL,NULL,NULL),(1316,182,8,78,NULL,NULL,NULL),(1317,241,8,75,NULL,NULL,NULL),(1318,257,8,81,NULL,NULL,NULL),(1319,308,8,77,NULL,NULL,NULL),(1320,329,8,88,NULL,NULL,NULL),(1321,369,8,79,NULL,NULL,NULL),(1322,423,8,79,NULL,NULL,NULL),(1323,11,8,244,NULL,NULL,NULL),(1324,59,8,219,NULL,NULL,NULL),(1325,99,8,238,NULL,NULL,NULL),(1326,118,8,211,NULL,NULL,NULL),(1327,170,8,229,NULL,NULL,NULL),(1328,200,8,231,NULL,NULL,NULL),(1329,242,8,236,NULL,NULL,NULL),(1330,263,8,204,NULL,NULL,NULL),(1331,315,8,235,NULL,NULL,NULL),(1332,338,8,240,NULL,NULL,NULL),(1333,374,8,222,NULL,NULL,NULL),(1334,403,8,195,NULL,NULL,NULL),(1335,30,8,34,NULL,NULL,NULL),(1336,57,8,30,NULL,NULL,NULL),(1337,106,8,35,NULL,NULL,NULL),(1338,113,8,30,NULL,NULL,NULL),(1339,178,8,32,NULL,NULL,NULL),(1340,181,8,27,NULL,NULL,NULL),(1341,243,8,24,NULL,NULL,NULL),(1342,269,8,34,NULL,NULL,NULL),(1343,322,8,27,NULL,NULL,NULL),(1344,351,8,28,NULL,NULL,NULL),(1345,380,8,25,NULL,NULL,NULL),(1346,406,8,26,NULL,NULL,NULL),(1347,24,8,0,NULL,NULL,NULL),(1348,64,8,0,NULL,NULL,NULL),(1349,87,8,0,NULL,NULL,NULL),(1350,120,8,0,NULL,NULL,NULL),(1351,172,8,0,NULL,NULL,NULL),(1352,184,8,0,NULL,NULL,NULL),(1353,244,8,0,NULL,NULL,NULL),(1354,275,8,0,NULL,NULL,NULL),(1355,293,8,0,NULL,NULL,NULL),(1356,358,8,0,NULL,NULL,NULL),(1357,383,8,0,NULL,NULL,NULL),(1358,424,8,0,NULL,NULL,NULL),(1359,21,8,129,NULL,NULL,NULL),(1360,46,8,120,NULL,NULL,NULL),(1361,77,8,126,NULL,NULL,NULL),(1362,144,8,121,NULL,NULL,NULL),(1363,166,8,134,NULL,NULL,NULL),(1364,202,8,133,NULL,NULL,NULL),(1365,245,8,132,NULL,NULL,NULL),(1366,281,8,110,NULL,NULL,NULL),(1367,300,8,132,NULL,NULL,NULL),(1368,336,8,136,NULL,NULL,NULL),(1369,377,8,153,NULL,NULL,NULL),(1370,419,8,127,NULL,NULL,NULL),(1371,20,8,130,NULL,NULL,NULL),(1372,60,8,105,NULL,NULL,NULL),(1373,90,8,122,NULL,NULL,NULL),(1374,131,8,146,NULL,NULL,NULL),(1375,168,8,131,NULL,NULL,NULL),(1376,210,8,111,NULL,NULL,NULL),(1377,246,8,127,NULL,NULL,NULL),(1378,287,8,133,NULL,NULL,NULL),(1379,306,8,118,NULL,NULL,NULL),(1380,330,8,109,NULL,NULL,NULL),(1381,370,8,102,NULL,NULL,NULL),(1382,413,8,115,NULL,NULL,NULL),(1383,14,8,8,NULL,NULL,NULL),(1384,47,8,9,NULL,NULL,NULL),(1385,102,8,6,NULL,NULL,NULL),(1386,143,8,8,NULL,NULL,NULL),(1387,153,8,13,NULL,NULL,NULL),(1388,215,8,8,NULL,NULL,NULL),(1389,247,8,9,NULL,NULL,NULL),(1390,258,8,11,NULL,NULL,NULL),(1391,307,8,9,NULL,NULL,NULL),(1392,335,8,10,NULL,NULL,NULL),(1393,375,8,7,NULL,NULL,NULL),(1394,416,8,9,NULL,NULL,NULL),(1395,27,8,265,NULL,NULL,NULL),(1396,43,8,251,NULL,NULL,NULL),(1397,93,8,258,NULL,NULL,NULL),(1398,136,8,270,NULL,NULL,NULL),(1399,164,8,274,NULL,NULL,NULL),(1400,203,8,268,NULL,NULL,NULL),(1401,248,8,282,NULL,NULL,NULL),(1402,264,8,287,NULL,NULL,NULL),(1403,314,8,249,NULL,NULL,NULL),(1404,337,8,302,NULL,NULL,NULL),(1405,387,8,255,NULL,NULL,NULL),(1406,429,8,275,NULL,NULL,NULL),(1407,17,8,0,NULL,NULL,NULL),(1408,37,8,0,NULL,NULL,NULL),(1409,86,8,0,NULL,NULL,NULL),(1410,127,8,0,NULL,NULL,NULL),(1411,152,8,0,NULL,NULL,NULL),(1412,186,8,0,NULL,NULL,NULL),(1413,249,8,0,NULL,NULL,NULL),(1414,270,8,0,NULL,NULL,NULL),(1415,321,8,0,NULL,NULL,NULL),(1416,343,8,0,NULL,NULL,NULL),(1417,388,8,0,NULL,NULL,NULL),(1418,411,8,0,NULL,NULL,NULL),(1419,4,8,0,NULL,NULL,NULL),(1420,61,8,0,NULL,NULL,NULL),(1421,89,8,0,NULL,NULL,NULL),(1422,135,8,0,NULL,NULL,NULL),(1423,177,8,0,NULL,NULL,NULL),(1424,183,8,0,NULL,NULL,NULL),(1425,250,8,0,NULL,NULL,NULL),(1426,276,8,0,NULL,NULL,NULL),(1427,292,8,0,NULL,NULL,NULL),(1428,357,8,0,NULL,NULL,NULL),(1429,376,8,0,NULL,NULL,NULL),(1430,412,8,0,NULL,NULL,NULL),(1431,22,8,0,NULL,NULL,NULL),(1432,51,8,0,NULL,NULL,NULL),(1433,92,8,0,NULL,NULL,NULL),(1434,128,8,0,NULL,NULL,NULL),(1435,167,8,0,NULL,NULL,NULL),(1436,207,8,0,NULL,NULL,NULL),(1437,251,8,0,NULL,NULL,NULL),(1438,282,8,0,NULL,NULL,NULL),(1439,299,8,0,NULL,NULL,NULL),(1440,352,8,0,NULL,NULL,NULL),(1441,381,8,0,NULL,NULL,NULL),(1442,402,8,0,NULL,NULL,NULL),(1443,10,8,66,NULL,NULL,NULL),(1444,56,8,70,NULL,NULL,NULL),(1445,100,8,46,NULL,NULL,NULL),(1446,115,8,76,NULL,NULL,NULL),(1447,162,8,62,NULL,NULL,NULL),(1448,201,8,77,NULL,NULL,NULL),(1449,252,8,69,NULL,NULL,NULL),(1450,288,8,65,NULL,NULL,NULL),(1451,294,8,68,NULL,NULL,NULL),(1452,344,8,78,NULL,NULL,NULL),(1453,382,8,69,NULL,NULL,NULL),(1454,422,8,75,NULL,NULL,NULL),(1534,15,11,2,NULL,NULL,NULL),(1535,63,11,2,NULL,NULL,NULL),(1536,104,11,2,NULL,NULL,NULL),(1537,126,11,2,NULL,NULL,NULL),(1538,180,11,2,NULL,NULL,NULL),(1539,208,11,2,NULL,NULL,NULL),(1540,217,11,2,NULL,NULL,NULL),(1541,253,11,2,NULL,NULL,NULL),(1542,289,11,2,NULL,NULL,NULL),(1543,325,11,2,NULL,NULL,NULL),(1544,361,11,3,NULL,NULL,NULL),(1545,397,11,2,NULL,NULL,NULL),(1546,18,11,3,NULL,NULL,NULL),(1547,58,11,4,NULL,NULL,NULL),(1548,82,11,2,NULL,NULL,NULL),(1549,138,11,3,NULL,NULL,NULL),(1550,161,11,3,NULL,NULL,NULL),(1551,194,11,3,NULL,NULL,NULL),(1552,218,11,3,NULL,NULL,NULL),(1553,259,11,3,NULL,NULL,NULL),(1554,296,11,3,NULL,NULL,NULL),(1555,327,11,3,NULL,NULL,NULL),(1556,391,11,3,NULL,NULL,NULL),(1557,417,11,3,NULL,NULL,NULL),(1558,6,11,2,NULL,NULL,NULL),(1559,42,11,2,NULL,NULL,NULL),(1560,78,11,1,NULL,NULL,NULL),(1561,134,11,2,NULL,NULL,NULL),(1562,151,11,2,NULL,NULL,NULL),(1563,188,11,2,NULL,NULL,NULL),(1564,219,11,2,NULL,NULL,NULL),(1565,265,11,1,NULL,NULL,NULL),(1566,303,11,2,NULL,NULL,NULL),(1567,339,11,2,NULL,NULL,NULL),(1568,396,11,2,NULL,NULL,NULL),(1569,431,11,2,NULL,NULL,NULL),(1570,28,11,0,NULL,NULL,NULL),(1571,71,11,0,NULL,NULL,NULL),(1572,81,11,0,NULL,NULL,NULL),(1573,122,11,0,NULL,NULL,NULL),(1574,147,11,0,NULL,NULL,NULL),(1575,191,11,0,NULL,NULL,NULL),(1576,220,11,0,NULL,NULL,NULL),(1577,271,11,0,NULL,NULL,NULL),(1578,310,11,0,NULL,NULL,NULL),(1579,341,11,0,NULL,NULL,NULL),(1580,366,11,0,NULL,NULL,NULL),(1581,420,11,0,NULL,NULL,NULL),(1582,34,11,0,NULL,NULL,NULL),(1583,68,11,0,NULL,NULL,NULL),(1584,96,11,0,NULL,NULL,NULL),(1585,140,11,0,NULL,NULL,NULL),(1586,165,11,0,NULL,NULL,NULL),(1587,198,11,0,NULL,NULL,NULL),(1588,221,11,0,NULL,NULL,NULL),(1589,277,11,0,NULL,NULL,NULL),(1590,317,11,0,NULL,NULL,NULL),(1591,353,11,0,NULL,NULL,NULL),(1592,362,11,0,NULL,NULL,NULL),(1593,401,11,0,NULL,NULL,NULL),(1594,19,11,2,NULL,NULL,NULL),(1595,44,11,2,NULL,NULL,NULL),(1596,94,11,2,NULL,NULL,NULL),(1597,139,11,2,NULL,NULL,NULL),(1598,163,11,1,NULL,NULL,NULL),(1599,216,11,1,NULL,NULL,NULL),(1600,222,11,1,NULL,NULL,NULL),(1601,283,11,1,NULL,NULL,NULL),(1602,324,11,2,NULL,NULL,NULL),(1603,349,11,1,NULL,NULL,NULL),(1604,367,11,1,NULL,NULL,NULL),(1605,415,11,1,NULL,NULL,NULL),(1606,1,11,0,NULL,NULL,NULL),(1607,38,11,0,NULL,NULL,NULL),(1608,95,11,0,NULL,NULL,NULL),(1609,109,11,0,NULL,NULL,NULL),(1610,157,11,0,NULL,NULL,NULL),(1611,211,11,0,NULL,NULL,NULL),(1612,223,11,0,NULL,NULL,NULL),(1613,254,11,0,NULL,NULL,NULL),(1614,295,11,0,NULL,NULL,NULL),(1615,332,11,0,NULL,NULL,NULL),(1616,385,11,0,NULL,NULL,NULL),(1617,421,11,0,NULL,NULL,NULL),(1618,8,11,1,NULL,NULL,NULL),(1619,55,11,1,NULL,NULL,NULL),(1620,101,11,1,NULL,NULL,NULL),(1621,112,11,2,NULL,NULL,NULL),(1622,155,11,1,NULL,NULL,NULL),(1623,193,11,1,NULL,NULL,NULL),(1624,224,11,1,NULL,NULL,NULL),(1625,260,11,1,NULL,NULL,NULL),(1626,302,11,2,NULL,NULL,NULL),(1627,334,11,1,NULL,NULL,NULL),(1628,392,11,2,NULL,NULL,NULL),(1629,428,11,1,NULL,NULL,NULL),(1630,32,11,1,NULL,NULL,NULL),(1631,50,11,1,NULL,NULL,NULL),(1632,97,11,1,NULL,NULL,NULL),(1633,124,11,1,NULL,NULL,NULL),(1634,149,11,1,NULL,NULL,NULL),(1635,187,11,2,NULL,NULL,NULL),(1636,225,11,1,NULL,NULL,NULL),(1637,266,11,1,NULL,NULL,NULL),(1638,309,11,1,NULL,NULL,NULL),(1639,346,11,1,NULL,NULL,NULL),(1640,395,11,1,NULL,NULL,NULL),(1641,404,11,2,NULL,NULL,NULL),(1642,36,11,2,NULL,NULL,NULL),(1643,52,11,2,NULL,NULL,NULL),(1644,103,11,3,NULL,NULL,NULL),(1645,132,11,3,NULL,NULL,NULL),(1646,174,11,2,NULL,NULL,NULL),(1647,189,11,2,NULL,NULL,NULL),(1648,226,11,3,NULL,NULL,NULL),(1649,272,11,3,NULL,NULL,NULL),(1650,316,11,3,NULL,NULL,NULL),(1651,348,11,2,NULL,NULL,NULL),(1652,390,11,2,NULL,NULL,NULL),(1653,407,11,2,NULL,NULL,NULL),(1654,12,11,6,NULL,NULL,NULL),(1655,54,11,5,NULL,NULL,NULL),(1656,105,11,5,NULL,NULL,NULL),(1657,130,11,5,NULL,NULL,NULL),(1658,176,11,5,NULL,NULL,NULL),(1659,197,11,5,NULL,NULL,NULL),(1660,227,11,5,NULL,NULL,NULL),(1661,278,11,6,NULL,NULL,NULL),(1662,323,11,4,NULL,NULL,NULL),(1663,360,11,5,NULL,NULL,NULL),(1664,372,11,6,NULL,NULL,NULL),(1665,408,11,4,NULL,NULL,NULL),(1666,16,11,1,NULL,NULL,NULL),(1667,48,11,1,NULL,NULL,NULL),(1668,74,11,1,NULL,NULL,NULL),(1669,142,11,0,NULL,NULL,NULL),(1670,175,11,1,NULL,NULL,NULL),(1671,209,11,1,NULL,NULL,NULL),(1672,228,11,1,NULL,NULL,NULL),(1673,284,11,1,NULL,NULL,NULL),(1674,290,11,1,NULL,NULL,NULL),(1675,356,11,0,NULL,NULL,NULL),(1676,365,11,0,NULL,NULL,NULL),(1677,432,11,1,NULL,NULL,NULL),(1678,13,11,3,NULL,NULL,NULL),(1679,39,11,3,NULL,NULL,NULL),(1680,75,11,2,NULL,NULL,NULL),(1681,116,11,3,NULL,NULL,NULL),(1682,169,11,4,NULL,NULL,NULL),(1683,214,11,3,NULL,NULL,NULL),(1684,229,11,3,NULL,NULL,NULL),(1685,255,11,3,NULL,NULL,NULL),(1686,297,11,4,NULL,NULL,NULL),(1687,331,11,3,NULL,NULL,NULL),(1688,363,11,3,NULL,NULL,NULL),(1689,418,11,2,NULL,NULL,NULL),(1690,7,11,1,NULL,NULL,NULL),(1691,70,11,1,NULL,NULL,NULL),(1692,80,11,2,NULL,NULL,NULL),(1693,110,11,1,NULL,NULL,NULL),(1694,146,11,2,NULL,NULL,NULL),(1695,212,11,1,NULL,NULL,NULL),(1696,230,11,2,NULL,NULL,NULL),(1697,261,11,1,NULL,NULL,NULL),(1698,304,11,1,NULL,NULL,NULL),(1699,333,11,2,NULL,NULL,NULL),(1700,373,11,1,NULL,NULL,NULL),(1701,400,11,2,NULL,NULL,NULL),(1702,31,11,0,NULL,NULL,NULL),(1703,66,11,0,NULL,NULL,NULL),(1704,73,11,0,NULL,NULL,NULL),(1705,129,11,0,NULL,NULL,NULL),(1706,160,11,1,NULL,NULL,NULL),(1707,206,11,0,NULL,NULL,NULL),(1708,231,11,1,NULL,NULL,NULL),(1709,267,11,0,NULL,NULL,NULL),(1710,311,11,0,NULL,NULL,NULL),(1711,345,11,0,NULL,NULL,NULL),(1712,379,11,1,NULL,NULL,NULL),(1713,399,11,1,NULL,NULL,NULL),(1714,35,11,0,NULL,NULL,NULL),(1715,72,11,0,NULL,NULL,NULL),(1716,91,11,0,NULL,NULL,NULL),(1717,137,11,0,NULL,NULL,NULL),(1718,173,11,0,NULL,NULL,NULL),(1719,190,11,0,NULL,NULL,NULL),(1720,232,11,0,NULL,NULL,NULL),(1721,273,11,0,NULL,NULL,NULL),(1722,318,11,0,NULL,NULL,NULL),(1723,347,11,0,NULL,NULL,NULL),(1724,393,11,0,NULL,NULL,NULL),(1725,410,11,0,NULL,NULL,NULL),(1726,29,11,6,NULL,NULL,NULL),(1727,69,11,5,NULL,NULL,NULL),(1728,107,11,5,NULL,NULL,NULL),(1729,119,11,6,NULL,NULL,NULL),(1730,156,11,4,NULL,NULL,NULL),(1731,195,11,5,NULL,NULL,NULL),(1732,233,11,5,NULL,NULL,NULL),(1733,279,11,5,NULL,NULL,NULL),(1734,319,11,7,NULL,NULL,NULL),(1735,359,11,4,NULL,NULL,NULL),(1736,394,11,5,NULL,NULL,NULL),(1737,409,11,4,NULL,NULL,NULL),(1738,23,11,0,NULL,NULL,NULL),(1739,45,11,0,NULL,NULL,NULL),(1740,108,11,1,NULL,NULL,NULL),(1741,114,11,1,NULL,NULL,NULL),(1742,150,11,0,NULL,NULL,NULL),(1743,199,11,1,NULL,NULL,NULL),(1744,234,11,1,NULL,NULL,NULL),(1745,285,11,0,NULL,NULL,NULL),(1746,291,11,0,NULL,NULL,NULL),(1747,355,11,1,NULL,NULL,NULL),(1748,384,11,1,NULL,NULL,NULL),(1749,427,11,0,NULL,NULL,NULL),(1750,5,11,1,NULL,NULL,NULL),(1751,49,11,1,NULL,NULL,NULL),(1752,84,11,1,NULL,NULL,NULL),(1753,125,11,2,NULL,NULL,NULL),(1754,179,11,1,NULL,NULL,NULL),(1755,205,11,1,NULL,NULL,NULL),(1756,235,11,1,NULL,NULL,NULL),(1757,256,11,1,NULL,NULL,NULL),(1758,298,11,1,NULL,NULL,NULL),(1759,326,11,1,NULL,NULL,NULL),(1760,378,11,1,NULL,NULL,NULL),(1761,430,11,1,NULL,NULL,NULL),(1762,3,11,3,NULL,NULL,NULL),(1763,67,11,3,NULL,NULL,NULL),(1764,76,11,3,NULL,NULL,NULL),(1765,121,11,3,NULL,NULL,NULL),(1766,171,11,3,NULL,NULL,NULL),(1767,213,11,3,NULL,NULL,NULL),(1768,236,11,2,NULL,NULL,NULL),(1769,262,11,3,NULL,NULL,NULL),(1770,305,11,3,NULL,NULL,NULL),(1771,328,11,3,NULL,NULL,NULL),(1772,364,11,3,NULL,NULL,NULL),(1773,425,11,3,NULL,NULL,NULL),(1774,33,11,4,NULL,NULL,NULL),(1775,62,11,5,NULL,NULL,NULL),(1776,88,11,5,NULL,NULL,NULL),(1777,133,11,5,NULL,NULL,NULL),(1778,159,11,5,NULL,NULL,NULL),(1779,196,11,4,NULL,NULL,NULL),(1780,237,11,5,NULL,NULL,NULL),(1781,268,11,5,NULL,NULL,NULL),(1782,312,11,4,NULL,NULL,NULL),(1783,340,11,4,NULL,NULL,NULL),(1784,368,11,5,NULL,NULL,NULL),(1785,426,11,5,NULL,NULL,NULL),(1786,26,11,3,NULL,NULL,NULL),(1787,40,11,3,NULL,NULL,NULL),(1788,83,11,3,NULL,NULL,NULL),(1789,141,11,4,NULL,NULL,NULL),(1790,154,11,4,NULL,NULL,NULL),(1791,204,11,3,NULL,NULL,NULL),(1792,238,11,3,NULL,NULL,NULL),(1793,274,11,3,NULL,NULL,NULL),(1794,313,11,3,NULL,NULL,NULL),(1795,342,11,2,NULL,NULL,NULL),(1796,386,11,3,NULL,NULL,NULL),(1797,414,11,3,NULL,NULL,NULL),(1798,25,11,0,NULL,NULL,NULL),(1799,41,11,0,NULL,NULL,NULL),(1800,79,11,0,NULL,NULL,NULL),(1801,123,11,0,NULL,NULL,NULL),(1802,148,11,0,NULL,NULL,NULL),(1803,192,11,0,NULL,NULL,NULL),(1804,239,11,0,NULL,NULL,NULL),(1805,280,11,0,NULL,NULL,NULL),(1806,320,11,0,NULL,NULL,NULL),(1807,354,11,0,NULL,NULL,NULL),(1808,389,11,0,NULL,NULL,NULL),(1809,405,11,0,NULL,NULL,NULL),(1810,9,11,1,NULL,NULL,NULL),(1811,53,11,1,NULL,NULL,NULL),(1812,85,11,1,NULL,NULL,NULL),(1813,117,11,1,NULL,NULL,NULL),(1814,158,11,1,NULL,NULL,NULL),(1815,185,11,1,NULL,NULL,NULL),(1816,240,11,1,NULL,NULL,NULL),(1817,286,11,1,NULL,NULL,NULL),(1818,301,11,1,NULL,NULL,NULL),(1819,350,11,1,NULL,NULL,NULL),(1820,371,11,1,NULL,NULL,NULL),(1821,398,11,1,NULL,NULL,NULL),(1822,2,11,3,NULL,NULL,NULL),(1823,65,11,3,NULL,NULL,NULL),(1824,98,11,2,NULL,NULL,NULL),(1825,111,11,3,NULL,NULL,NULL),(1826,145,11,4,NULL,NULL,NULL),(1827,182,11,3,NULL,NULL,NULL),(1828,241,11,2,NULL,NULL,NULL),(1829,257,11,3,NULL,NULL,NULL),(1830,308,11,3,NULL,NULL,NULL),(1831,329,11,4,NULL,NULL,NULL),(1832,369,11,3,NULL,NULL,NULL),(1833,423,11,3,NULL,NULL,NULL),(1834,11,11,0,NULL,NULL,NULL),(1835,59,11,0,NULL,NULL,NULL),(1836,99,11,0,NULL,NULL,NULL),(1837,118,11,0,NULL,NULL,NULL),(1838,170,11,0,NULL,NULL,NULL),(1839,200,11,0,NULL,NULL,NULL),(1840,242,11,0,NULL,NULL,NULL),(1841,263,11,0,NULL,NULL,NULL),(1842,315,11,0,NULL,NULL,NULL),(1843,338,11,0,NULL,NULL,NULL),(1844,374,11,0,NULL,NULL,NULL),(1845,403,11,0,NULL,NULL,NULL),(1846,30,11,1,NULL,NULL,NULL),(1847,57,11,2,NULL,NULL,NULL),(1848,106,11,1,NULL,NULL,NULL),(1849,113,11,2,NULL,NULL,NULL),(1850,178,11,1,NULL,NULL,NULL),(1851,181,11,2,NULL,NULL,NULL),(1852,243,11,2,NULL,NULL,NULL),(1853,269,11,2,NULL,NULL,NULL),(1854,322,11,2,NULL,NULL,NULL),(1855,351,11,2,NULL,NULL,NULL),(1856,380,11,2,NULL,NULL,NULL),(1857,406,11,2,NULL,NULL,NULL),(1858,24,11,0,NULL,NULL,NULL),(1859,64,11,0,NULL,NULL,NULL),(1860,87,11,0,NULL,NULL,NULL),(1861,120,11,0,NULL,NULL,NULL),(1862,172,11,0,NULL,NULL,NULL),(1863,184,11,0,NULL,NULL,NULL),(1864,244,11,0,NULL,NULL,NULL),(1865,275,11,0,NULL,NULL,NULL),(1866,293,11,0,NULL,NULL,NULL),(1867,358,11,0,NULL,NULL,NULL),(1868,383,11,0,NULL,NULL,NULL),(1869,424,11,0,NULL,NULL,NULL),(1870,21,11,1,NULL,NULL,NULL),(1871,46,11,1,NULL,NULL,NULL),(1872,77,11,1,NULL,NULL,NULL),(1873,144,11,1,NULL,NULL,NULL),(1874,166,11,1,NULL,NULL,NULL),(1875,202,11,1,NULL,NULL,NULL),(1876,245,11,1,NULL,NULL,NULL),(1877,281,11,1,NULL,NULL,NULL),(1878,300,11,1,NULL,NULL,NULL),(1879,336,11,1,NULL,NULL,NULL),(1880,377,11,1,NULL,NULL,NULL),(1881,419,11,1,NULL,NULL,NULL),(1882,20,11,3,NULL,NULL,NULL),(1883,60,11,3,NULL,NULL,NULL),(1884,90,11,2,NULL,NULL,NULL),(1885,131,11,4,NULL,NULL,NULL),(1886,168,11,3,NULL,NULL,NULL),(1887,210,11,3,NULL,NULL,NULL),(1888,246,11,3,NULL,NULL,NULL),(1889,287,11,3,NULL,NULL,NULL),(1890,306,11,3,NULL,NULL,NULL),(1891,330,11,3,NULL,NULL,NULL),(1892,370,11,3,NULL,NULL,NULL),(1893,413,11,3,NULL,NULL,NULL),(1894,14,11,0,NULL,NULL,NULL),(1895,47,11,0,NULL,NULL,NULL),(1896,102,11,0,NULL,NULL,NULL),(1897,143,11,0,NULL,NULL,NULL),(1898,153,11,0,NULL,NULL,NULL),(1899,215,11,0,NULL,NULL,NULL),(1900,247,11,0,NULL,NULL,NULL),(1901,258,11,0,NULL,NULL,NULL),(1902,307,11,0,NULL,NULL,NULL),(1903,335,11,0,NULL,NULL,NULL),(1904,375,11,0,NULL,NULL,NULL),(1905,416,11,0,NULL,NULL,NULL),(1906,27,11,1,NULL,NULL,NULL),(1907,43,11,1,NULL,NULL,NULL),(1908,93,11,2,NULL,NULL,NULL),(1909,136,11,2,NULL,NULL,NULL),(1910,164,11,1,NULL,NULL,NULL),(1911,203,11,2,NULL,NULL,NULL),(1912,248,11,1,NULL,NULL,NULL),(1913,264,11,1,NULL,NULL,NULL),(1914,314,11,2,NULL,NULL,NULL),(1915,337,11,1,NULL,NULL,NULL),(1916,387,11,1,NULL,NULL,NULL),(1917,429,11,2,NULL,NULL,NULL),(1918,17,11,6,NULL,NULL,NULL),(1919,37,11,6,NULL,NULL,NULL),(1920,86,11,6,NULL,NULL,NULL),(1921,127,11,6,NULL,NULL,NULL),(1922,152,11,5,NULL,NULL,NULL),(1923,186,11,5,NULL,NULL,NULL),(1924,249,11,5,NULL,NULL,NULL),(1925,270,11,5,NULL,NULL,NULL),(1926,321,11,5,NULL,NULL,NULL),(1927,343,11,5,NULL,NULL,NULL),(1928,388,11,5,NULL,NULL,NULL),(1929,411,11,6,NULL,NULL,NULL),(1930,4,11,4,NULL,NULL,NULL),(1931,61,11,4,NULL,NULL,NULL),(1932,89,11,4,NULL,NULL,NULL),(1933,135,11,4,NULL,NULL,NULL),(1934,177,11,4,NULL,NULL,NULL),(1935,183,11,4,NULL,NULL,NULL),(1936,250,11,4,NULL,NULL,NULL),(1937,276,11,3,NULL,NULL,NULL),(1938,292,11,4,NULL,NULL,NULL),(1939,357,11,4,NULL,NULL,NULL),(1940,376,11,4,NULL,NULL,NULL),(1941,412,11,3,NULL,NULL,NULL),(1942,22,11,0,NULL,NULL,NULL),(1943,51,11,0,NULL,NULL,NULL),(1944,92,11,0,NULL,NULL,NULL),(1945,128,11,0,NULL,NULL,NULL),(1946,167,11,0,NULL,NULL,NULL),(1947,207,11,0,NULL,NULL,NULL),(1948,251,11,0,NULL,NULL,NULL),(1949,282,11,0,NULL,NULL,NULL),(1950,299,11,0,NULL,NULL,NULL),(1951,352,11,0,NULL,NULL,NULL),(1952,381,11,0,NULL,NULL,NULL),(1953,402,11,0,NULL,NULL,NULL),(1954,10,11,3,NULL,NULL,NULL),(1955,56,11,3,NULL,NULL,NULL),(1956,100,11,3,NULL,NULL,NULL),(1957,115,11,3,NULL,NULL,NULL),(1958,162,11,2,NULL,NULL,NULL),(1959,201,11,3,NULL,NULL,NULL),(1960,252,11,3,NULL,NULL,NULL),(1961,288,11,3,NULL,NULL,NULL),(1962,294,11,3,NULL,NULL,NULL),(1963,344,11,3,NULL,NULL,NULL),(1964,382,11,3,NULL,NULL,NULL),(1965,422,11,3,NULL,NULL,NULL),(2045,15,15,0,NULL,NULL,NULL),(2046,63,15,0,NULL,NULL,NULL),(2047,104,15,0,NULL,NULL,NULL),(2048,126,15,0,NULL,NULL,NULL),(2049,180,15,0,NULL,NULL,NULL),(2050,208,15,0,NULL,NULL,NULL),(2051,217,15,0,NULL,NULL,NULL),(2052,253,15,0,NULL,NULL,NULL),(2053,289,15,0,NULL,NULL,NULL),(2054,325,15,0,NULL,NULL,NULL),(2055,361,15,0,NULL,NULL,NULL),(2056,397,15,0,NULL,NULL,NULL),(2057,18,15,0,NULL,NULL,NULL),(2058,58,15,0,NULL,NULL,NULL),(2059,82,15,0,NULL,NULL,NULL),(2060,138,15,0,NULL,NULL,NULL),(2061,161,15,0,NULL,NULL,NULL),(2062,194,15,0,NULL,NULL,NULL),(2063,218,15,0,NULL,NULL,NULL),(2064,259,15,0,NULL,NULL,NULL),(2065,296,15,0,NULL,NULL,NULL),(2066,327,15,0,NULL,NULL,NULL),(2067,391,15,0,NULL,NULL,NULL),(2068,417,15,0,NULL,NULL,NULL),(2069,6,15,0,NULL,NULL,NULL),(2070,42,15,0,NULL,NULL,NULL),(2071,78,15,0,NULL,NULL,NULL),(2072,134,15,0,NULL,NULL,NULL),(2073,151,15,0,NULL,NULL,NULL),(2074,188,15,0,NULL,NULL,NULL),(2075,219,15,0,NULL,NULL,NULL),(2076,265,15,0,NULL,NULL,NULL),(2077,303,15,0,NULL,NULL,NULL),(2078,339,15,0,NULL,NULL,NULL),(2079,396,15,0,NULL,NULL,NULL),(2080,431,15,0,NULL,NULL,NULL),(2081,28,15,0,NULL,NULL,NULL),(2082,71,15,0,NULL,NULL,NULL),(2083,81,15,0,NULL,NULL,NULL),(2084,122,15,0,NULL,NULL,NULL),(2085,147,15,0,NULL,NULL,NULL),(2086,191,15,0,NULL,NULL,NULL),(2087,220,15,0,NULL,NULL,NULL),(2088,271,15,0,NULL,NULL,NULL),(2089,310,15,0,NULL,NULL,NULL),(2090,341,15,0,NULL,NULL,NULL),(2091,366,15,0,NULL,NULL,NULL),(2092,420,15,0,NULL,NULL,NULL),(2093,34,15,1,NULL,NULL,NULL),(2094,68,15,1,NULL,NULL,NULL),(2095,96,15,1,NULL,NULL,NULL),(2096,140,15,0,NULL,NULL,NULL),(2097,165,15,0,NULL,NULL,NULL),(2098,198,15,1,NULL,NULL,NULL),(2099,221,15,1,NULL,NULL,NULL),(2100,277,15,1,NULL,NULL,NULL),(2101,317,15,1,NULL,NULL,NULL),(2102,353,15,1,NULL,NULL,NULL),(2103,362,15,0,NULL,NULL,NULL),(2104,401,15,1,NULL,NULL,NULL),(2105,19,15,0,NULL,NULL,NULL),(2106,44,15,0,NULL,NULL,NULL),(2107,94,15,0,NULL,NULL,NULL),(2108,139,15,0,NULL,NULL,NULL),(2109,163,15,0,NULL,NULL,NULL),(2110,216,15,0,NULL,NULL,NULL),(2111,222,15,0,NULL,NULL,NULL),(2112,283,15,0,NULL,NULL,NULL),(2113,324,15,0,NULL,NULL,NULL),(2114,349,15,0,NULL,NULL,NULL),(2115,367,15,0,NULL,NULL,NULL),(2116,415,15,0,NULL,NULL,NULL),(2117,1,15,1,NULL,NULL,NULL),(2118,38,15,1,NULL,NULL,NULL),(2119,95,15,1,NULL,NULL,NULL),(2120,109,15,1,NULL,NULL,NULL),(2121,157,15,1,NULL,NULL,NULL),(2122,211,15,1,NULL,NULL,NULL),(2123,223,15,1,NULL,NULL,NULL),(2124,254,15,0,NULL,NULL,NULL),(2125,295,15,1,NULL,NULL,NULL),(2126,332,15,0,NULL,NULL,NULL),(2127,385,15,0,NULL,NULL,NULL),(2128,421,15,1,NULL,NULL,NULL),(2129,8,15,0,NULL,NULL,NULL),(2130,55,15,0,NULL,NULL,NULL),(2131,101,15,0,NULL,NULL,NULL),(2132,112,15,0,NULL,NULL,NULL),(2133,155,15,0,NULL,NULL,NULL),(2134,193,15,0,NULL,NULL,NULL),(2135,224,15,0,NULL,NULL,NULL),(2136,260,15,0,NULL,NULL,NULL),(2137,302,15,0,NULL,NULL,NULL),(2138,334,15,0,NULL,NULL,NULL),(2139,392,15,0,NULL,NULL,NULL),(2140,428,15,0,NULL,NULL,NULL),(2141,32,15,1,NULL,NULL,NULL),(2142,50,15,1,NULL,NULL,NULL),(2143,97,15,0,NULL,NULL,NULL),(2144,124,15,1,NULL,NULL,NULL),(2145,149,15,0,NULL,NULL,NULL),(2146,187,15,0,NULL,NULL,NULL),(2147,225,15,1,NULL,NULL,NULL),(2148,266,15,1,NULL,NULL,NULL),(2149,309,15,1,NULL,NULL,NULL),(2150,346,15,1,NULL,NULL,NULL),(2151,395,15,1,NULL,NULL,NULL),(2152,404,15,1,NULL,NULL,NULL),(2153,36,15,1,NULL,NULL,NULL),(2154,52,15,0,NULL,NULL,NULL),(2155,103,15,0,NULL,NULL,NULL),(2156,132,15,1,NULL,NULL,NULL),(2157,174,15,1,NULL,NULL,NULL),(2158,189,15,1,NULL,NULL,NULL),(2159,226,15,1,NULL,NULL,NULL),(2160,272,15,1,NULL,NULL,NULL),(2161,316,15,0,NULL,NULL,NULL),(2162,348,15,1,NULL,NULL,NULL),(2163,390,15,1,NULL,NULL,NULL),(2164,407,15,1,NULL,NULL,NULL),(2165,12,15,1,NULL,NULL,NULL),(2166,54,15,1,NULL,NULL,NULL),(2167,105,15,1,NULL,NULL,NULL),(2168,130,15,1,NULL,NULL,NULL),(2169,176,15,0,NULL,NULL,NULL),(2170,197,15,1,NULL,NULL,NULL),(2171,227,15,0,NULL,NULL,NULL),(2172,278,15,1,NULL,NULL,NULL),(2173,323,15,1,NULL,NULL,NULL),(2174,360,15,1,NULL,NULL,NULL),(2175,372,15,0,NULL,NULL,NULL),(2176,408,15,0,NULL,NULL,NULL),(2177,16,15,1,NULL,NULL,NULL),(2178,48,15,1,NULL,NULL,NULL),(2179,74,15,1,NULL,NULL,NULL),(2180,142,15,0,NULL,NULL,NULL),(2181,175,15,1,NULL,NULL,NULL),(2182,209,15,1,NULL,NULL,NULL),(2183,228,15,0,NULL,NULL,NULL),(2184,284,15,1,NULL,NULL,NULL),(2185,290,15,1,NULL,NULL,NULL),(2186,356,15,1,NULL,NULL,NULL),(2187,365,15,0,NULL,NULL,NULL),(2188,432,15,1,NULL,NULL,NULL),(2189,13,15,0,NULL,NULL,NULL),(2190,39,15,0,NULL,NULL,NULL),(2191,75,15,0,NULL,NULL,NULL),(2192,116,15,0,NULL,NULL,NULL),(2193,169,15,0,NULL,NULL,NULL),(2194,214,15,0,NULL,NULL,NULL),(2195,229,15,0,NULL,NULL,NULL),(2196,255,15,0,NULL,NULL,NULL),(2197,297,15,0,NULL,NULL,NULL),(2198,331,15,0,NULL,NULL,NULL),(2199,363,15,0,NULL,NULL,NULL),(2200,418,15,0,NULL,NULL,NULL),(2201,7,15,0,NULL,NULL,NULL),(2202,70,15,0,NULL,NULL,NULL),(2203,80,15,1,NULL,NULL,NULL),(2204,110,15,1,NULL,NULL,NULL),(2205,146,15,1,NULL,NULL,NULL),(2206,212,15,1,NULL,NULL,NULL),(2207,230,15,0,NULL,NULL,NULL),(2208,261,15,0,NULL,NULL,NULL),(2209,304,15,1,NULL,NULL,NULL),(2210,333,15,1,NULL,NULL,NULL),(2211,373,15,1,NULL,NULL,NULL),(2212,400,15,0,NULL,NULL,NULL),(2213,31,15,1,NULL,NULL,NULL),(2214,66,15,0,NULL,NULL,NULL),(2215,73,15,1,NULL,NULL,NULL),(2216,129,15,1,NULL,NULL,NULL),(2217,160,15,1,NULL,NULL,NULL),(2218,206,15,1,NULL,NULL,NULL),(2219,231,15,1,NULL,NULL,NULL),(2220,267,15,1,NULL,NULL,NULL),(2221,311,15,1,NULL,NULL,NULL),(2222,345,15,1,NULL,NULL,NULL),(2223,379,15,1,NULL,NULL,NULL),(2224,399,15,1,NULL,NULL,NULL),(2225,35,15,1,NULL,NULL,NULL),(2226,72,15,1,NULL,NULL,NULL),(2227,91,15,1,NULL,NULL,NULL),(2228,137,15,0,NULL,NULL,NULL),(2229,173,15,0,NULL,NULL,NULL),(2230,190,15,1,NULL,NULL,NULL),(2231,232,15,1,NULL,NULL,NULL),(2232,273,15,1,NULL,NULL,NULL),(2233,318,15,1,NULL,NULL,NULL),(2234,347,15,1,NULL,NULL,NULL),(2235,393,15,1,NULL,NULL,NULL),(2236,410,15,1,NULL,NULL,NULL),(2237,29,15,1,NULL,NULL,NULL),(2238,69,15,1,NULL,NULL,NULL),(2239,107,15,1,NULL,NULL,NULL),(2240,119,15,1,NULL,NULL,NULL),(2241,156,15,1,NULL,NULL,NULL),(2242,195,15,1,NULL,NULL,NULL),(2243,233,15,1,NULL,NULL,NULL),(2244,279,15,1,NULL,NULL,NULL),(2245,319,15,1,NULL,NULL,NULL),(2246,359,15,1,NULL,NULL,NULL),(2247,394,15,1,NULL,NULL,NULL),(2248,409,15,1,NULL,NULL,NULL),(2249,23,15,0,NULL,NULL,NULL),(2250,45,15,0,NULL,NULL,NULL),(2251,108,15,0,NULL,NULL,NULL),(2252,114,15,0,NULL,NULL,NULL),(2253,150,15,0,NULL,NULL,NULL),(2254,199,15,0,NULL,NULL,NULL),(2255,234,15,0,NULL,NULL,NULL),(2256,285,15,0,NULL,NULL,NULL),(2257,291,15,0,NULL,NULL,NULL),(2258,355,15,0,NULL,NULL,NULL),(2259,384,15,0,NULL,NULL,NULL),(2260,427,15,0,NULL,NULL,NULL),(2261,5,15,0,NULL,NULL,NULL),(2262,49,15,0,NULL,NULL,NULL),(2263,84,15,0,NULL,NULL,NULL),(2264,125,15,0,NULL,NULL,NULL),(2265,179,15,0,NULL,NULL,NULL),(2266,205,15,0,NULL,NULL,NULL),(2267,235,15,0,NULL,NULL,NULL),(2268,256,15,0,NULL,NULL,NULL),(2269,298,15,0,NULL,NULL,NULL),(2270,326,15,0,NULL,NULL,NULL),(2271,378,15,0,NULL,NULL,NULL),(2272,430,15,0,NULL,NULL,NULL),(2273,3,15,0,NULL,NULL,NULL),(2274,67,15,0,NULL,NULL,NULL),(2275,76,15,0,NULL,NULL,NULL),(2276,121,15,1,NULL,NULL,NULL),(2277,171,15,0,NULL,NULL,NULL),(2278,213,15,1,NULL,NULL,NULL),(2279,236,15,0,NULL,NULL,NULL),(2280,262,15,1,NULL,NULL,NULL),(2281,305,15,0,NULL,NULL,NULL),(2282,328,15,1,NULL,NULL,NULL),(2283,364,15,1,NULL,NULL,NULL),(2284,425,15,0,NULL,NULL,NULL),(2285,33,15,1,NULL,NULL,NULL),(2286,62,15,1,NULL,NULL,NULL),(2287,88,15,1,NULL,NULL,NULL),(2288,133,15,1,NULL,NULL,NULL),(2289,159,15,1,NULL,NULL,NULL),(2290,196,15,1,NULL,NULL,NULL),(2291,237,15,1,NULL,NULL,NULL),(2292,268,15,1,NULL,NULL,NULL),(2293,312,15,0,NULL,NULL,NULL),(2294,340,15,1,NULL,NULL,NULL),(2295,368,15,1,NULL,NULL,NULL),(2296,426,15,1,NULL,NULL,NULL),(2297,26,15,1,NULL,NULL,NULL),(2298,40,15,0,NULL,NULL,NULL),(2299,83,15,1,NULL,NULL,NULL),(2300,141,15,1,NULL,NULL,NULL),(2301,154,15,1,NULL,NULL,NULL),(2302,204,15,1,NULL,NULL,NULL),(2303,238,15,0,NULL,NULL,NULL),(2304,274,15,1,NULL,NULL,NULL),(2305,313,15,1,NULL,NULL,NULL),(2306,342,15,1,NULL,NULL,NULL),(2307,386,15,1,NULL,NULL,NULL),(2308,414,15,1,NULL,NULL,NULL),(2309,25,15,1,NULL,NULL,NULL),(2310,41,15,1,NULL,NULL,NULL),(2311,79,15,0,NULL,NULL,NULL),(2312,123,15,1,NULL,NULL,NULL),(2313,148,15,1,NULL,NULL,NULL),(2314,192,15,1,NULL,NULL,NULL),(2315,239,15,0,NULL,NULL,NULL),(2316,280,15,1,NULL,NULL,NULL),(2317,320,15,1,NULL,NULL,NULL),(2318,354,15,1,NULL,NULL,NULL),(2319,389,15,0,NULL,NULL,NULL),(2320,405,15,0,NULL,NULL,NULL),(2321,9,15,0,NULL,NULL,NULL),(2322,53,15,1,NULL,NULL,NULL),(2323,85,15,1,NULL,NULL,NULL),(2324,117,15,0,NULL,NULL,NULL),(2325,158,15,0,NULL,NULL,NULL),(2326,185,15,1,NULL,NULL,NULL),(2327,240,15,0,NULL,NULL,NULL),(2328,286,15,1,NULL,NULL,NULL),(2329,301,15,0,NULL,NULL,NULL),(2330,350,15,0,NULL,NULL,NULL),(2331,371,15,0,NULL,NULL,NULL),(2332,398,15,0,NULL,NULL,NULL),(2333,2,15,0,NULL,NULL,NULL),(2334,65,15,0,NULL,NULL,NULL),(2335,98,15,0,NULL,NULL,NULL),(2336,111,15,0,NULL,NULL,NULL),(2337,145,15,0,NULL,NULL,NULL),(2338,182,15,0,NULL,NULL,NULL),(2339,241,15,0,NULL,NULL,NULL),(2340,257,15,0,NULL,NULL,NULL),(2341,308,15,0,NULL,NULL,NULL),(2342,329,15,0,NULL,NULL,NULL),(2343,369,15,0,NULL,NULL,NULL),(2344,423,15,0,NULL,NULL,NULL),(2345,11,15,0,NULL,NULL,NULL),(2346,59,15,0,NULL,NULL,NULL),(2347,99,15,0,NULL,NULL,NULL),(2348,118,15,0,NULL,NULL,NULL),(2349,170,15,0,NULL,NULL,NULL),(2350,200,15,0,NULL,NULL,NULL),(2351,242,15,0,NULL,NULL,NULL),(2352,263,15,0,NULL,NULL,NULL),(2353,315,15,0,NULL,NULL,NULL),(2354,338,15,0,NULL,NULL,NULL),(2355,374,15,0,NULL,NULL,NULL),(2356,403,15,0,NULL,NULL,NULL),(2357,30,15,0,NULL,NULL,NULL),(2358,57,15,0,NULL,NULL,NULL),(2359,106,15,0,NULL,NULL,NULL),(2360,113,15,0,NULL,NULL,NULL),(2361,178,15,0,NULL,NULL,NULL),(2362,181,15,0,NULL,NULL,NULL),(2363,243,15,0,NULL,NULL,NULL),(2364,269,15,0,NULL,NULL,NULL),(2365,322,15,0,NULL,NULL,NULL),(2366,351,15,0,NULL,NULL,NULL),(2367,380,15,0,NULL,NULL,NULL),(2368,406,15,0,NULL,NULL,NULL),(2369,24,15,0,NULL,NULL,NULL),(2370,64,15,0,NULL,NULL,NULL),(2371,87,15,0,NULL,NULL,NULL),(2372,120,15,0,NULL,NULL,NULL),(2373,172,15,0,NULL,NULL,NULL),(2374,184,15,0,NULL,NULL,NULL),(2375,244,15,0,NULL,NULL,NULL),(2376,275,15,0,NULL,NULL,NULL),(2377,293,15,0,NULL,NULL,NULL),(2378,358,15,0,NULL,NULL,NULL),(2379,383,15,0,NULL,NULL,NULL),(2380,424,15,0,NULL,NULL,NULL),(2381,21,15,0,NULL,NULL,NULL),(2382,46,15,1,NULL,NULL,NULL),(2383,77,15,1,NULL,NULL,NULL),(2384,144,15,1,NULL,NULL,NULL),(2385,166,15,1,NULL,NULL,NULL),(2386,202,15,1,NULL,NULL,NULL),(2387,245,15,0,NULL,NULL,NULL),(2388,281,15,0,NULL,NULL,NULL),(2389,300,15,1,NULL,NULL,NULL),(2390,336,15,1,NULL,NULL,NULL),(2391,377,15,1,NULL,NULL,NULL),(2392,419,15,1,NULL,NULL,NULL),(2393,20,15,1,NULL,NULL,NULL),(2394,60,15,0,NULL,NULL,NULL),(2395,90,15,0,NULL,NULL,NULL),(2396,131,15,0,NULL,NULL,NULL),(2397,168,15,1,NULL,NULL,NULL),(2398,210,15,1,NULL,NULL,NULL),(2399,246,15,0,NULL,NULL,NULL),(2400,287,15,1,NULL,NULL,NULL),(2401,306,15,1,NULL,NULL,NULL),(2402,330,15,0,NULL,NULL,NULL),(2403,370,15,1,NULL,NULL,NULL),(2404,413,15,0,NULL,NULL,NULL),(2405,14,15,0,NULL,NULL,NULL),(2406,47,15,0,NULL,NULL,NULL),(2407,102,15,0,NULL,NULL,NULL),(2408,143,15,0,NULL,NULL,NULL),(2409,153,15,0,NULL,NULL,NULL),(2410,215,15,0,NULL,NULL,NULL),(2411,247,15,0,NULL,NULL,NULL),(2412,258,15,0,NULL,NULL,NULL),(2413,307,15,0,NULL,NULL,NULL),(2414,335,15,0,NULL,NULL,NULL),(2415,375,15,0,NULL,NULL,NULL),(2416,416,15,0,NULL,NULL,NULL),(2417,27,15,1,NULL,NULL,NULL),(2418,43,15,0,NULL,NULL,NULL),(2419,93,15,0,NULL,NULL,NULL),(2420,136,15,1,NULL,NULL,NULL),(2421,164,15,1,NULL,NULL,NULL),(2422,203,15,0,NULL,NULL,NULL),(2423,248,15,0,NULL,NULL,NULL),(2424,264,15,1,NULL,NULL,NULL),(2425,314,15,1,NULL,NULL,NULL),(2426,337,15,1,NULL,NULL,NULL),(2427,387,15,1,NULL,NULL,NULL),(2428,429,15,1,NULL,NULL,NULL),(2429,17,15,0,NULL,NULL,NULL),(2430,37,15,0,NULL,NULL,NULL),(2431,86,15,0,NULL,NULL,NULL),(2432,127,15,0,NULL,NULL,NULL),(2433,152,15,0,NULL,NULL,NULL),(2434,186,15,0,NULL,NULL,NULL),(2435,249,15,0,NULL,NULL,NULL),(2436,270,15,0,NULL,NULL,NULL),(2437,321,15,0,NULL,NULL,NULL),(2438,343,15,0,NULL,NULL,NULL),(2439,388,15,0,NULL,NULL,NULL),(2440,411,15,0,NULL,NULL,NULL),(2441,4,15,0,NULL,NULL,NULL),(2442,61,15,1,NULL,NULL,NULL),(2443,89,15,1,NULL,NULL,NULL),(2444,135,15,1,NULL,NULL,NULL),(2445,177,15,0,NULL,NULL,NULL),(2446,183,15,1,NULL,NULL,NULL),(2447,250,15,0,NULL,NULL,NULL),(2448,276,15,1,NULL,NULL,NULL),(2449,292,15,1,NULL,NULL,NULL),(2450,357,15,1,NULL,NULL,NULL),(2451,376,15,1,NULL,NULL,NULL),(2452,412,15,1,NULL,NULL,NULL),(2453,22,15,0,NULL,NULL,NULL),(2454,51,15,0,NULL,NULL,NULL),(2455,92,15,0,NULL,NULL,NULL),(2456,128,15,0,NULL,NULL,NULL),(2457,167,15,0,NULL,NULL,NULL),(2458,207,15,1,NULL,NULL,NULL),(2459,251,15,0,NULL,NULL,NULL),(2460,282,15,0,NULL,NULL,NULL),(2461,299,15,1,NULL,NULL,NULL),(2462,352,15,0,NULL,NULL,NULL),(2463,381,15,1,NULL,NULL,NULL),(2464,402,15,0,NULL,NULL,NULL),(2465,10,15,1,NULL,NULL,NULL),(2466,56,15,1,NULL,NULL,NULL),(2467,100,15,1,NULL,NULL,NULL),(2468,115,15,1,NULL,NULL,NULL),(2469,162,15,1,NULL,NULL,NULL),(2470,201,15,1,NULL,NULL,NULL),(2471,252,15,1,NULL,NULL,NULL),(2472,288,15,1,NULL,NULL,NULL),(2473,294,15,1,NULL,NULL,NULL),(2474,344,15,1,NULL,NULL,NULL),(2475,382,15,1,NULL,NULL,NULL),(2476,422,15,1,NULL,NULL,NULL),(2556,15,1,1,NULL,NULL,NULL),(2557,63,1,0,NULL,NULL,NULL),(2558,104,1,0,NULL,NULL,NULL),(2559,126,1,0,NULL,NULL,NULL),(2560,180,1,1,NULL,NULL,NULL),(2561,208,1,0,NULL,NULL,NULL),(2562,217,1,0,NULL,NULL,NULL),(2563,253,1,1,NULL,NULL,NULL),(2564,289,1,0,NULL,NULL,NULL),(2565,325,1,1,NULL,NULL,NULL),(2566,361,1,1,NULL,NULL,NULL),(2567,397,1,1,NULL,NULL,NULL),(2568,18,1,1,NULL,NULL,NULL),(2569,58,1,0,NULL,NULL,NULL),(2570,82,1,1,NULL,NULL,NULL),(2571,138,1,1,NULL,NULL,NULL),(2572,161,1,1,NULL,NULL,NULL),(2573,194,1,1,NULL,NULL,NULL),(2574,218,1,1,NULL,NULL,NULL),(2575,259,1,1,NULL,NULL,NULL),(2576,296,1,0,NULL,NULL,NULL),(2577,327,1,1,NULL,NULL,NULL),(2578,391,1,1,NULL,NULL,NULL),(2579,417,1,1,NULL,NULL,NULL),(2580,6,1,1,NULL,NULL,NULL),(2581,42,1,1,NULL,NULL,NULL),(2582,78,1,1,NULL,NULL,NULL),(2583,134,1,1,NULL,NULL,NULL),(2584,151,1,1,NULL,NULL,NULL),(2585,188,1,1,NULL,NULL,NULL),(2586,219,1,1,NULL,NULL,NULL),(2587,265,1,1,NULL,NULL,NULL),(2588,303,1,1,NULL,NULL,NULL),(2589,339,1,1,NULL,NULL,NULL),(2590,396,1,1,NULL,NULL,NULL),(2591,431,1,1,NULL,NULL,NULL),(2592,28,1,1,NULL,NULL,NULL),(2593,71,1,0,NULL,NULL,NULL),(2594,81,1,1,NULL,NULL,NULL),(2595,122,1,1,NULL,NULL,NULL),(2596,147,1,1,NULL,NULL,NULL),(2597,191,1,1,NULL,NULL,NULL),(2598,220,1,1,NULL,NULL,NULL),(2599,271,1,1,NULL,NULL,NULL),(2600,310,1,1,NULL,NULL,NULL),(2601,341,1,1,NULL,NULL,NULL),(2602,366,1,1,NULL,NULL,NULL),(2603,420,1,1,NULL,NULL,NULL),(2604,34,1,1,NULL,NULL,NULL),(2605,68,1,1,NULL,NULL,NULL),(2606,96,1,1,NULL,NULL,NULL),(2607,140,1,1,NULL,NULL,NULL),(2608,165,1,1,NULL,NULL,NULL),(2609,198,1,1,NULL,NULL,NULL),(2610,221,1,1,NULL,NULL,NULL),(2611,277,1,1,NULL,NULL,NULL),(2612,317,1,1,NULL,NULL,NULL),(2613,353,1,1,NULL,NULL,NULL),(2614,362,1,1,NULL,NULL,NULL),(2615,401,1,1,NULL,NULL,NULL),(2616,19,1,0,NULL,NULL,NULL),(2617,44,1,0,NULL,NULL,NULL),(2618,94,1,0,NULL,NULL,NULL),(2619,139,1,0,NULL,NULL,NULL),(2620,163,1,0,NULL,NULL,NULL),(2621,216,1,0,NULL,NULL,NULL),(2622,222,1,0,NULL,NULL,NULL),(2623,283,1,0,NULL,NULL,NULL),(2624,324,1,0,NULL,NULL,NULL),(2625,349,1,0,NULL,NULL,NULL),(2626,367,1,0,NULL,NULL,NULL),(2627,415,1,0,NULL,NULL,NULL),(2628,1,1,1,NULL,NULL,NULL),(2629,38,1,1,NULL,NULL,NULL),(2630,95,1,1,NULL,NULL,NULL),(2631,109,1,1,NULL,NULL,NULL),(2632,157,1,1,NULL,NULL,NULL),(2633,211,1,1,NULL,NULL,NULL),(2634,223,1,1,NULL,NULL,NULL),(2635,254,1,1,NULL,NULL,NULL),(2636,295,1,1,NULL,NULL,NULL),(2637,332,1,1,NULL,NULL,NULL),(2638,385,1,1,NULL,NULL,NULL),(2639,421,1,1,NULL,NULL,NULL),(2640,8,1,0,NULL,NULL,NULL),(2641,55,1,0,NULL,NULL,NULL),(2642,101,1,0,NULL,NULL,NULL),(2643,112,1,0,NULL,NULL,NULL),(2644,155,1,0,NULL,NULL,NULL),(2645,193,1,0,NULL,NULL,NULL),(2646,224,1,0,NULL,NULL,NULL),(2647,260,1,0,NULL,NULL,NULL),(2648,302,1,0,NULL,NULL,NULL),(2649,334,1,0,NULL,NULL,NULL),(2650,392,1,0,NULL,NULL,NULL),(2651,428,1,0,NULL,NULL,NULL),(2652,32,1,1,NULL,NULL,NULL),(2653,50,1,1,NULL,NULL,NULL),(2654,97,1,1,NULL,NULL,NULL),(2655,124,1,1,NULL,NULL,NULL),(2656,149,1,1,NULL,NULL,NULL),(2657,187,1,1,NULL,NULL,NULL),(2658,225,1,0,NULL,NULL,NULL),(2659,266,1,1,NULL,NULL,NULL),(2660,309,1,1,NULL,NULL,NULL),(2661,346,1,1,NULL,NULL,NULL),(2662,395,1,1,NULL,NULL,NULL),(2663,404,1,1,NULL,NULL,NULL),(2664,36,1,1,NULL,NULL,NULL),(2665,52,1,1,NULL,NULL,NULL),(2666,103,1,1,NULL,NULL,NULL),(2667,132,1,1,NULL,NULL,NULL),(2668,174,1,1,NULL,NULL,NULL),(2669,189,1,1,NULL,NULL,NULL),(2670,226,1,1,NULL,NULL,NULL),(2671,272,1,1,NULL,NULL,NULL),(2672,316,1,1,NULL,NULL,NULL),(2673,348,1,0,NULL,NULL,NULL),(2674,390,1,1,NULL,NULL,NULL),(2675,407,1,1,NULL,NULL,NULL),(2676,12,1,1,NULL,NULL,NULL),(2677,54,1,1,NULL,NULL,NULL),(2678,105,1,1,NULL,NULL,NULL),(2679,130,1,1,NULL,NULL,NULL),(2680,176,1,1,NULL,NULL,NULL),(2681,197,1,1,NULL,NULL,NULL),(2682,227,1,1,NULL,NULL,NULL),(2683,278,1,1,NULL,NULL,NULL),(2684,323,1,1,NULL,NULL,NULL),(2685,360,1,1,NULL,NULL,NULL),(2686,372,1,1,NULL,NULL,NULL),(2687,408,1,1,NULL,NULL,NULL),(2688,16,1,1,NULL,NULL,NULL),(2689,48,1,1,NULL,NULL,NULL),(2690,74,1,1,NULL,NULL,NULL),(2691,142,1,1,NULL,NULL,NULL),(2692,175,1,1,NULL,NULL,NULL),(2693,209,1,0,NULL,NULL,NULL),(2694,228,1,1,NULL,NULL,NULL),(2695,284,1,1,NULL,NULL,NULL),(2696,290,1,1,NULL,NULL,NULL),(2697,356,1,1,NULL,NULL,NULL),(2698,365,1,1,NULL,NULL,NULL),(2699,432,1,1,NULL,NULL,NULL),(2700,13,1,0,NULL,NULL,NULL),(2701,39,1,0,NULL,NULL,NULL),(2702,75,1,0,NULL,NULL,NULL),(2703,116,1,0,NULL,NULL,NULL),(2704,169,1,0,NULL,NULL,NULL),(2705,214,1,0,NULL,NULL,NULL),(2706,229,1,0,NULL,NULL,NULL),(2707,255,1,0,NULL,NULL,NULL),(2708,297,1,0,NULL,NULL,NULL),(2709,331,1,0,NULL,NULL,NULL),(2710,363,1,0,NULL,NULL,NULL),(2711,418,1,0,NULL,NULL,NULL),(2712,7,1,0,NULL,NULL,NULL),(2713,70,1,1,NULL,NULL,NULL),(2714,80,1,0,NULL,NULL,NULL),(2715,110,1,0,NULL,NULL,NULL),(2716,146,1,0,NULL,NULL,NULL),(2717,212,1,0,NULL,NULL,NULL),(2718,230,1,1,NULL,NULL,NULL),(2719,261,1,1,NULL,NULL,NULL),(2720,304,1,0,NULL,NULL,NULL),(2721,333,1,1,NULL,NULL,NULL),(2722,373,1,0,NULL,NULL,NULL),(2723,400,1,1,NULL,NULL,NULL),(2724,31,1,1,NULL,NULL,NULL),(2725,66,1,1,NULL,NULL,NULL),(2726,73,1,1,NULL,NULL,NULL),(2727,129,1,1,NULL,NULL,NULL),(2728,160,1,0,NULL,NULL,NULL),(2729,206,1,1,NULL,NULL,NULL),(2730,231,1,1,NULL,NULL,NULL),(2731,267,1,1,NULL,NULL,NULL),(2732,311,1,1,NULL,NULL,NULL),(2733,345,1,1,NULL,NULL,NULL),(2734,379,1,1,NULL,NULL,NULL),(2735,399,1,1,NULL,NULL,NULL),(2736,35,1,1,NULL,NULL,NULL),(2737,72,1,1,NULL,NULL,NULL),(2738,91,1,1,NULL,NULL,NULL),(2739,137,1,1,NULL,NULL,NULL),(2740,173,1,0,NULL,NULL,NULL),(2741,190,1,1,NULL,NULL,NULL),(2742,232,1,1,NULL,NULL,NULL),(2743,273,1,0,NULL,NULL,NULL),(2744,318,1,1,NULL,NULL,NULL),(2745,347,1,1,NULL,NULL,NULL),(2746,393,1,1,NULL,NULL,NULL),(2747,410,1,1,NULL,NULL,NULL),(2748,29,1,1,NULL,NULL,NULL),(2749,69,1,0,NULL,NULL,NULL),(2750,107,1,1,NULL,NULL,NULL),(2751,119,1,1,NULL,NULL,NULL),(2752,156,1,1,NULL,NULL,NULL),(2753,195,1,1,NULL,NULL,NULL),(2754,233,1,1,NULL,NULL,NULL),(2755,279,1,0,NULL,NULL,NULL),(2756,319,1,1,NULL,NULL,NULL),(2757,359,1,1,NULL,NULL,NULL),(2758,394,1,1,NULL,NULL,NULL),(2759,409,1,1,NULL,NULL,NULL),(2760,23,1,1,NULL,NULL,NULL),(2761,45,1,1,NULL,NULL,NULL),(2762,108,1,1,NULL,NULL,NULL),(2763,114,1,1,NULL,NULL,NULL),(2764,150,1,1,NULL,NULL,NULL),(2765,199,1,1,NULL,NULL,NULL),(2766,234,1,1,NULL,NULL,NULL),(2767,285,1,1,NULL,NULL,NULL),(2768,291,1,1,NULL,NULL,NULL),(2769,355,1,1,NULL,NULL,NULL),(2770,384,1,1,NULL,NULL,NULL),(2771,427,1,1,NULL,NULL,NULL),(2772,5,1,1,NULL,NULL,NULL),(2773,49,1,0,NULL,NULL,NULL),(2774,84,1,0,NULL,NULL,NULL),(2775,125,1,1,NULL,NULL,NULL),(2776,179,1,0,NULL,NULL,NULL),(2777,205,1,1,NULL,NULL,NULL),(2778,235,1,1,NULL,NULL,NULL),(2779,256,1,0,NULL,NULL,NULL),(2780,298,1,1,NULL,NULL,NULL),(2781,326,1,1,NULL,NULL,NULL),(2782,378,1,0,NULL,NULL,NULL),(2783,430,1,1,NULL,NULL,NULL),(2784,3,1,1,NULL,NULL,NULL),(2785,67,1,1,NULL,NULL,NULL),(2786,76,1,1,NULL,NULL,NULL),(2787,121,1,1,NULL,NULL,NULL),(2788,171,1,1,NULL,NULL,NULL),(2789,213,1,1,NULL,NULL,NULL),(2790,236,1,1,NULL,NULL,NULL),(2791,262,1,1,NULL,NULL,NULL),(2792,305,1,1,NULL,NULL,NULL),(2793,328,1,1,NULL,NULL,NULL),(2794,364,1,1,NULL,NULL,NULL),(2795,425,1,1,NULL,NULL,NULL),(2796,33,1,1,NULL,NULL,NULL),(2797,62,1,1,NULL,NULL,NULL),(2798,88,1,1,NULL,NULL,NULL),(2799,133,1,1,NULL,NULL,NULL),(2800,159,1,1,NULL,NULL,NULL),(2801,196,1,1,NULL,NULL,NULL),(2802,237,1,1,NULL,NULL,NULL),(2803,268,1,1,NULL,NULL,NULL),(2804,312,1,1,NULL,NULL,NULL),(2805,340,1,1,NULL,NULL,NULL),(2806,368,1,1,NULL,NULL,NULL),(2807,426,1,1,NULL,NULL,NULL),(2808,26,1,1,NULL,NULL,NULL),(2809,40,1,1,NULL,NULL,NULL),(2810,83,1,1,NULL,NULL,NULL),(2811,141,1,1,NULL,NULL,NULL),(2812,154,1,0,NULL,NULL,NULL),(2813,204,1,1,NULL,NULL,NULL),(2814,238,1,1,NULL,NULL,NULL),(2815,274,1,1,NULL,NULL,NULL),(2816,313,1,1,NULL,NULL,NULL),(2817,342,1,1,NULL,NULL,NULL),(2818,386,1,1,NULL,NULL,NULL),(2819,414,1,1,NULL,NULL,NULL),(2820,25,1,0,NULL,NULL,NULL),(2821,41,1,0,NULL,NULL,NULL),(2822,79,1,0,NULL,NULL,NULL),(2823,123,1,0,NULL,NULL,NULL),(2824,148,1,0,NULL,NULL,NULL),(2825,192,1,0,NULL,NULL,NULL),(2826,239,1,0,NULL,NULL,NULL),(2827,280,1,0,NULL,NULL,NULL),(2828,320,1,0,NULL,NULL,NULL),(2829,354,1,0,NULL,NULL,NULL),(2830,389,1,0,NULL,NULL,NULL),(2831,405,1,0,NULL,NULL,NULL),(2832,9,1,0,NULL,NULL,NULL),(2833,53,1,1,NULL,NULL,NULL),(2834,85,1,1,NULL,NULL,NULL),(2835,117,1,1,NULL,NULL,NULL),(2836,158,1,0,NULL,NULL,NULL),(2837,185,1,1,NULL,NULL,NULL),(2838,240,1,1,NULL,NULL,NULL),(2839,286,1,1,NULL,NULL,NULL),(2840,301,1,0,NULL,NULL,NULL),(2841,350,1,1,NULL,NULL,NULL),(2842,371,1,1,NULL,NULL,NULL),(2843,398,1,1,NULL,NULL,NULL),(2844,2,1,1,NULL,NULL,NULL),(2845,65,1,1,NULL,NULL,NULL),(2846,98,1,0,NULL,NULL,NULL),(2847,111,1,1,NULL,NULL,NULL),(2848,145,1,1,NULL,NULL,NULL),(2849,182,1,1,NULL,NULL,NULL),(2850,241,1,1,NULL,NULL,NULL),(2851,257,1,0,NULL,NULL,NULL),(2852,308,1,0,NULL,NULL,NULL),(2853,329,1,1,NULL,NULL,NULL),(2854,369,1,1,NULL,NULL,NULL),(2855,423,1,1,NULL,NULL,NULL),(2856,11,1,1,NULL,NULL,NULL),(2857,59,1,0,NULL,NULL,NULL),(2858,99,1,1,NULL,NULL,NULL),(2859,118,1,0,NULL,NULL,NULL),(2860,170,1,0,NULL,NULL,NULL),(2861,200,1,1,NULL,NULL,NULL),(2862,242,1,1,NULL,NULL,NULL),(2863,263,1,1,NULL,NULL,NULL),(2864,315,1,1,NULL,NULL,NULL),(2865,338,1,0,NULL,NULL,NULL),(2866,374,1,0,NULL,NULL,NULL),(2867,403,1,1,NULL,NULL,NULL),(2868,30,1,0,NULL,NULL,NULL),(2869,57,1,0,NULL,NULL,NULL),(2870,106,1,0,NULL,NULL,NULL),(2871,113,1,0,NULL,NULL,NULL),(2872,178,1,0,NULL,NULL,NULL),(2873,181,1,0,NULL,NULL,NULL),(2874,243,1,0,NULL,NULL,NULL),(2875,269,1,0,NULL,NULL,NULL),(2876,322,1,0,NULL,NULL,NULL),(2877,351,1,0,NULL,NULL,NULL),(2878,380,1,0,NULL,NULL,NULL),(2879,406,1,0,NULL,NULL,NULL),(2880,24,1,1,NULL,NULL,NULL),(2881,64,1,1,NULL,NULL,NULL),(2882,87,1,1,NULL,NULL,NULL),(2883,120,1,0,NULL,NULL,NULL),(2884,172,1,1,NULL,NULL,NULL),(2885,184,1,0,NULL,NULL,NULL),(2886,244,1,0,NULL,NULL,NULL),(2887,275,1,0,NULL,NULL,NULL),(2888,293,1,0,NULL,NULL,NULL),(2889,358,1,0,NULL,NULL,NULL),(2890,383,1,1,NULL,NULL,NULL),(2891,424,1,1,NULL,NULL,NULL),(2892,21,1,1,NULL,NULL,NULL),(2893,46,1,1,NULL,NULL,NULL),(2894,77,1,1,NULL,NULL,NULL),(2895,144,1,0,NULL,NULL,NULL),(2896,166,1,1,NULL,NULL,NULL),(2897,202,1,0,NULL,NULL,NULL),(2898,245,1,1,NULL,NULL,NULL),(2899,281,1,1,NULL,NULL,NULL),(2900,300,1,1,NULL,NULL,NULL),(2901,336,1,1,NULL,NULL,NULL),(2902,377,1,1,NULL,NULL,NULL),(2903,419,1,0,NULL,NULL,NULL),(2904,20,1,1,NULL,NULL,NULL),(2905,60,1,1,NULL,NULL,NULL),(2906,90,1,1,NULL,NULL,NULL),(2907,131,1,1,NULL,NULL,NULL),(2908,168,1,1,NULL,NULL,NULL),(2909,210,1,1,NULL,NULL,NULL),(2910,246,1,1,NULL,NULL,NULL),(2911,287,1,1,NULL,NULL,NULL),(2912,306,1,1,NULL,NULL,NULL),(2913,330,1,1,NULL,NULL,NULL),(2914,370,1,1,NULL,NULL,NULL),(2915,413,1,1,NULL,NULL,NULL),(2916,14,1,0,NULL,NULL,NULL),(2917,47,1,0,NULL,NULL,NULL),(2918,102,1,0,NULL,NULL,NULL),(2919,143,1,0,NULL,NULL,NULL),(2920,153,1,0,NULL,NULL,NULL),(2921,215,1,0,NULL,NULL,NULL),(2922,247,1,0,NULL,NULL,NULL),(2923,258,1,0,NULL,NULL,NULL),(2924,307,1,0,NULL,NULL,NULL),(2925,335,1,0,NULL,NULL,NULL),(2926,375,1,0,NULL,NULL,NULL),(2927,416,1,0,NULL,NULL,NULL),(2928,27,1,1,NULL,NULL,NULL),(2929,43,1,1,NULL,NULL,NULL),(2930,93,1,1,NULL,NULL,NULL),(2931,136,1,1,NULL,NULL,NULL),(2932,164,1,1,NULL,NULL,NULL),(2933,203,1,1,NULL,NULL,NULL),(2934,248,1,1,NULL,NULL,NULL),(2935,264,1,1,NULL,NULL,NULL),(2936,314,1,1,NULL,NULL,NULL),(2937,337,1,1,NULL,NULL,NULL),(2938,387,1,0,NULL,NULL,NULL),(2939,429,1,1,NULL,NULL,NULL),(2940,17,1,0,NULL,NULL,NULL),(2941,37,1,1,NULL,NULL,NULL),(2942,86,1,1,NULL,NULL,NULL),(2943,127,1,1,NULL,NULL,NULL),(2944,152,1,0,NULL,NULL,NULL),(2945,186,1,0,NULL,NULL,NULL),(2946,249,1,0,NULL,NULL,NULL),(2947,270,1,0,NULL,NULL,NULL),(2948,321,1,0,NULL,NULL,NULL),(2949,343,1,0,NULL,NULL,NULL),(2950,388,1,1,NULL,NULL,NULL),(2951,411,1,0,NULL,NULL,NULL),(2952,4,1,1,NULL,NULL,NULL),(2953,61,1,1,NULL,NULL,NULL),(2954,89,1,1,NULL,NULL,NULL),(2955,135,1,1,NULL,NULL,NULL),(2956,177,1,1,NULL,NULL,NULL),(2957,183,1,1,NULL,NULL,NULL),(2958,250,1,1,NULL,NULL,NULL),(2959,276,1,1,NULL,NULL,NULL),(2960,292,1,1,NULL,NULL,NULL),(2961,357,1,1,NULL,NULL,NULL),(2962,376,1,1,NULL,NULL,NULL),(2963,412,1,1,NULL,NULL,NULL),(2964,22,1,1,NULL,NULL,NULL),(2965,51,1,1,NULL,NULL,NULL),(2966,92,1,0,NULL,NULL,NULL),(2967,128,1,0,NULL,NULL,NULL),(2968,167,1,1,NULL,NULL,NULL),(2969,207,1,0,NULL,NULL,NULL),(2970,251,1,0,NULL,NULL,NULL),(2971,282,1,0,NULL,NULL,NULL),(2972,299,1,1,NULL,NULL,NULL),(2973,352,1,1,NULL,NULL,NULL),(2974,381,1,0,NULL,NULL,NULL),(2975,402,1,1,NULL,NULL,NULL),(2976,10,1,1,NULL,NULL,NULL),(2977,56,1,1,NULL,NULL,NULL),(2978,100,1,1,NULL,NULL,NULL),(2979,115,1,1,NULL,NULL,NULL),(2980,162,1,0,NULL,NULL,NULL),(2981,201,1,1,NULL,NULL,NULL),(2982,252,1,1,NULL,NULL,NULL),(2983,288,1,1,NULL,NULL,NULL),(2984,294,1,1,NULL,NULL,NULL),(2985,344,1,0,NULL,NULL,NULL),(2986,382,1,1,NULL,NULL,NULL),(2987,422,1,1,NULL,NULL,NULL);
/*!40000 ALTER TABLE `team_match_action` ENABLE KEYS */;
UNLOCK TABLES;

--
-- Temporary view structure for view `team_match_action_result`
--

DROP TABLE IF EXISTS `team_match_action_result`;
/*!50001 DROP VIEW IF EXISTS `team_match_action_result`*/;
SET @saved_cs_client     = @@character_set_client;
SET character_set_client = utf8;
/*!50001 CREATE VIEW `team_match_action_result` AS SELECT 
 1 AS `team_id`,
 1 AS `match_id`,
 1 AS `alliance`,
 1 AS `position`,
 1 AS `test_id`,
 1 AS `score`,
 1 AS `opp_score`,
 1 AS `qp`,
 1 AS `result`,
 1 AS `_id`,
 1 AS `wins`,
 1 AS `draws`,
 1 AS `losses`,
 1 AS `tele_high_score`,
 1 AS `tele_high_score_points`,
 1 AS `tele_gear_delivered`,
 1 AS `tele_low_score`,
 1 AS `tele_low_score_points`,
 1 AS `tele_did_climb_flag`,
 1 AS `auto_baseline_crossed_flag`*/;
SET character_set_client = @saved_cs_client;

--
-- Temporary view structure for view `team_match_action_transverse`
--

DROP TABLE IF EXISTS `team_match_action_transverse`;
/*!50001 DROP VIEW IF EXISTS `team_match_action_transverse`*/;
SET @saved_cs_client     = @@character_set_client;
SET character_set_client = utf8;
/*!50001 CREATE VIEW `team_match_action_transverse` AS SELECT 
 1 AS `_id`,
 1 AS `team_id`,
 1 AS `match_id`,
 1 AS `alliance`,
 1 AS `position`,
 1 AS `scout_name`,
 1 AS `tele_high_score`,
 1 AS `tele_high_score_points`,
 1 AS `tele_gear_delivered`,
 1 AS `tele_low_score`,
 1 AS `tele_low_score_points`,
 1 AS `tele_did_climb_flag`,
 1 AS `auto_baseline_crossed_flag`*/;
SET character_set_client = @saved_cs_client;

--
-- Temporary view structure for view `team_match_result`
--

DROP TABLE IF EXISTS `team_match_result`;
/*!50001 DROP VIEW IF EXISTS `team_match_result`*/;
SET @saved_cs_client     = @@character_set_client;
SET character_set_client = utf8;
/*!50001 CREATE VIEW `team_match_result` AS SELECT 
 1 AS `team_id`,
 1 AS `match_id`,
 1 AS `alliance`,
 1 AS `position`,
 1 AS `test_id`,
 1 AS `score`,
 1 AS `opp_score`,
 1 AS `qp`,
 1 AS `result`,
 1 AS `_id`,
 1 AS `wins`,
 1 AS `draws`,
 1 AS `losses`*/;
SET character_set_client = @saved_cs_client;

--
-- Dumping routines for database 'scouting_test_2'
--

--
-- Final view structure for view `min_max_avg`
--

/*!50001 DROP VIEW IF EXISTS `min_max_avg`*/;
/*!50001 SET @saved_cs_client          = @@character_set_client */;
/*!50001 SET @saved_cs_results         = @@character_set_results */;
/*!50001 SET @saved_col_connection     = @@collation_connection */;
/*!50001 SET character_set_client      = utf8 */;
/*!50001 SET character_set_results     = utf8 */;
/*!50001 SET collation_connection      = utf8_general_ci */;
/*!50001 CREATE ALGORITHM=UNDEFINED */
/*!50013 DEFINER=`root`@`localhost` SQL SECURITY DEFINER */
/*!50001 VIEW `min_max_avg` AS select `t`.`team_number` AS `team_number`,`at`.`name` AS `name`,min(`tma`.`quantity`) AS `MIN(tma.quantity)`,max(`tma`.`quantity`) AS `MAX(tma.quantity)`,avg(`tma`.`quantity`) AS `AVG(tma.quantity)` from (((`scouting_test`.`team_match_action` `tma` join `scouting_test`.`team_match` `tm` on((`tma`.`team_match_id` = `tm`.`_id`))) join `scouting_test`.`team` `t` on((`tm`.`team_id` = `t`.`_id`))) join `scouting_test`.`action_type` `at` on((`tma`.`action_type_id` = `at`.`_id`))) group by `t`.`team_number`,`at`.`name` */;
/*!50001 SET character_set_client      = @saved_cs_client */;
/*!50001 SET character_set_results     = @saved_cs_results */;
/*!50001 SET collation_connection      = @saved_col_connection */;

--
-- Final view structure for view `team_match_action_result`
--

/*!50001 DROP VIEW IF EXISTS `team_match_action_result`*/;
/*!50001 SET @saved_cs_client          = @@character_set_client */;
/*!50001 SET @saved_cs_results         = @@character_set_results */;
/*!50001 SET @saved_col_connection     = @@collation_connection */;
/*!50001 SET character_set_client      = utf8 */;
/*!50001 SET character_set_results     = utf8 */;
/*!50001 SET collation_connection      = utf8_general_ci */;
/*!50001 CREATE ALGORITHM=UNDEFINED */
/*!50013 DEFINER=`root`@`localhost` SQL SECURITY DEFINER */
/*!50001 VIEW `team_match_action_result` AS select `tmr`.`team_id` AS `team_id`,`tmr`.`match_id` AS `match_id`,`tmr`.`alliance` AS `alliance`,`tmr`.`position` AS `position`,`tmr`.`test_id` AS `test_id`,`tmr`.`score` AS `score`,`tmr`.`opp_score` AS `opp_score`,`tmr`.`qp` AS `qp`,`tmr`.`result` AS `result`,`tmr`.`_id` AS `_id`,`tmr`.`wins` AS `wins`,`tmr`.`draws` AS `draws`,`tmr`.`losses` AS `losses`,`tmat`.`tele_high_score` AS `tele_high_score`,`tmat`.`tele_high_score_points` AS `tele_high_score_points`,`tmat`.`tele_gear_delivered` AS `tele_gear_delivered`,`tmat`.`tele_low_score` AS `tele_low_score`,`tmat`.`tele_low_score_points` AS `tele_low_score_points`,`tmat`.`tele_did_climb_flag` AS `tele_did_climb_flag`,`tmat`.`auto_baseline_crossed_flag` AS `auto_baseline_crossed_flag` from (`scouting_test_2`.`team_match_result` `tmr` join `scouting_test_2`.`team_match_action_transverse` `tmat` on(((`tmr`.`team_id` = `tmat`.`team_id`) and (`tmr`.`match_id` = `tmat`.`match_id`)))) */;
/*!50001 SET character_set_client      = @saved_cs_client */;
/*!50001 SET character_set_results     = @saved_cs_results */;
/*!50001 SET collation_connection      = @saved_col_connection */;

--
-- Final view structure for view `team_match_action_transverse`
--

/*!50001 DROP VIEW IF EXISTS `team_match_action_transverse`*/;
/*!50001 SET @saved_cs_client          = @@character_set_client */;
/*!50001 SET @saved_cs_results         = @@character_set_results */;
/*!50001 SET @saved_col_connection     = @@collation_connection */;
/*!50001 SET character_set_client      = utf8 */;
/*!50001 SET character_set_results     = utf8 */;
/*!50001 SET collation_connection      = utf8_general_ci */;
/*!50001 CREATE ALGORITHM=UNDEFINED */
/*!50013 DEFINER=`root`@`localhost` SQL SECURITY DEFINER */
/*!50001 VIEW `team_match_action_transverse` AS select `tm`.`_id` AS `_id`,`tm`.`team_id` AS `team_id`,`tm`.`match_id` AS `match_id`,`tm`.`alliance` AS `alliance`,`tm`.`position` AS `position`,`tm`.`scout_name` AS `scout_name`,`thc`.`quantity` AS `tele_high_score`,floor((`thc`.`quantity` * `thc`.`points`)) AS `tele_high_score_points`,`tgd`.`quantity` AS `tele_gear_delivered`,`tls`.`quantity` AS `tele_low_score`,floor((`tls`.`quantity` * `tls`.`points`)) AS `tele_low_score_points`,`tdc`.`quantity` AS `tele_did_climb_flag`,`abc`.`quantity` AS `auto_baseline_crossed_flag` from (((((`scouting_test_2`.`team_match` `tm` left join (select `tma`.`team_match_id` AS `team_match_id`,`tma`.`quantity` AS `quantity`,`at`.`points` AS `points` from (`scouting_test_2`.`team_match_action` `tma` join `scouting_test_2`.`action_type` `at` on((`tma`.`action_type_id` = `at`.`_id`))) where (`at`.`name` = 'tele_high_scores')) `thc` on((`thc`.`team_match_id` = `tm`.`_id`))) left join (select `tma`.`team_match_id` AS `team_match_id`,`tma`.`quantity` AS `quantity` from (`scouting_test_2`.`team_match_action` `tma` join `scouting_test_2`.`action_type` `at` on((`tma`.`action_type_id` = `at`.`_id`))) where (`at`.`name` = 'tele_gear_delivered')) `tgd` on((`tgd`.`team_match_id` = `tm`.`_id`))) left join (select `tma`.`team_match_id` AS `team_match_id`,`tma`.`quantity` AS `quantity`,`at`.`points` AS `points` from (`scouting_test_2`.`team_match_action` `tma` join `scouting_test_2`.`action_type` `at` on((`tma`.`action_type_id` = `at`.`_id`))) where (`at`.`name` = 'tele_low_dumps')) `tls` on((`tls`.`team_match_id` = `tm`.`_id`))) left join (select `tma`.`team_match_id` AS `team_match_id`,`tma`.`quantity` AS `quantity` from (`scouting_test_2`.`team_match_action` `tma` join `scouting_test_2`.`action_type` `at` on((`tma`.`action_type_id` = `at`.`_id`))) where (`at`.`name` = 'tele_did_climb')) `tdc` on((`tdc`.`team_match_id` = `tm`.`_id`))) left join (select `tma`.`team_match_id` AS `team_match_id`,`tma`.`quantity` AS `quantity` from (`scouting_test_2`.`team_match_action` `tma` join `scouting_test_2`.`action_type` `at` on((`tma`.`action_type_id` = `at`.`_id`))) where (`at`.`name` = 'auto_baseline_crossed')) `abc` on((`abc`.`team_match_id` = `tm`.`_id`))) */;
/*!50001 SET character_set_client      = @saved_cs_client */;
/*!50001 SET character_set_results     = @saved_cs_results */;
/*!50001 SET collation_connection      = @saved_col_connection */;

--
-- Final view structure for view `team_match_result`
--

/*!50001 DROP VIEW IF EXISTS `team_match_result`*/;
/*!50001 SET @saved_cs_client          = @@character_set_client */;
/*!50001 SET @saved_cs_results         = @@character_set_results */;
/*!50001 SET @saved_col_connection     = @@collation_connection */;
/*!50001 SET character_set_client      = utf8 */;
/*!50001 SET character_set_results     = utf8 */;
/*!50001 SET collation_connection      = utf8_general_ci */;
/*!50001 CREATE ALGORITHM=UNDEFINED */
/*!50013 DEFINER=`root`@`localhost` SQL SECURITY DEFINER */
/*!50001 VIEW `team_match_result` AS select `t`.`_id` AS `team_id`,`tm`.`match_id` AS `match_id`,`tm`.`alliance` AS `alliance`,`tm`.`position` AS `position`,if((`tm`.`alliance` = 'red'),if((`tm`.`position` = 1),`m`.`red_1_team_id`,if((`tm`.`position` = 2),`m`.`red_2_team_id`,if((`tm`.`position` = 3),`m`.`red_3_team_id`,0))),if((`tm`.`alliance` = 'blue'),if((`tm`.`position` = 1),`m`.`blue_1_team_id`,if((`tm`.`position` = 2),`m`.`blue_2_team_id`,if((`tm`.`position` = 3),`m`.`blue_3_team_id`,0))),0)) AS `test_id`,if((`tm`.`alliance` = 'red'),`m`.`red_total_score`,`m`.`blue_total_score`) AS `score`,if((`tm`.`alliance` = 'blue'),`m`.`red_total_score`,`m`.`blue_total_score`) AS `opp_score`,if((`tm`.`alliance` = 'red'),`m`.`red_qp`,`m`.`blue_qp`) AS `qp`,if((`m`.`winner` = 'draw'),'draw',if((`tm`.`alliance` = `m`.`winner`),'win','loss')) AS `result`,((`tm`.`team_id` * 100) + `tm`.`match_id`) AS `_id`,if((`m`.`winner` = `tm`.`alliance`),1,0) AS `wins`,if((`m`.`winner` = 'draw'),1,0) AS `draws`,if(((`tm`.`alliance` = 'red') and (`m`.`winner` = 'blue')),1,if(((`tm`.`alliance` = 'blue') and (`m`.`winner` = 'red')),1,0)) AS `losses` from ((`team` `t` join `team_match` `tm`) join `match` `m` on(((`t`.`_id` = `tm`.`team_id`) and (`tm`.`match_id` = `m`.`_id`)))) */;
/*!50001 SET character_set_client      = @saved_cs_client */;
/*!50001 SET character_set_results     = @saved_cs_results */;
/*!50001 SET collation_connection      = @saved_col_connection */;
/*!40103 SET TIME_ZONE=@OLD_TIME_ZONE */;

/*!40101 SET SQL_MODE=@OLD_SQL_MODE */;
/*!40014 SET FOREIGN_KEY_CHECKS=@OLD_FOREIGN_KEY_CHECKS */;
/*!40014 SET UNIQUE_CHECKS=@OLD_UNIQUE_CHECKS */;
/*!40101 SET CHARACTER_SET_CLIENT=@OLD_CHARACTER_SET_CLIENT */;
/*!40101 SET CHARACTER_SET_RESULTS=@OLD_CHARACTER_SET_RESULTS */;
/*!40101 SET COLLATION_CONNECTION=@OLD_COLLATION_CONNECTION */;
/*!40111 SET SQL_NOTES=@OLD_SQL_NOTES */;

-- Dump completed on 2017-01-30 19:02:45
